-- --------------------------------------------------------
-- Host:                         127.0.0.1
-- Server version:               8.0.34 - MySQL Community Server - GPL
-- Server OS:                    Win64
-- HeidiSQL Version:             12.5.0.6677
-- --------------------------------------------------------

/*!40101 SET @OLD_CHARACTER_SET_CLIENT=@@CHARACTER_SET_CLIENT */;
/*!40101 SET NAMES utf8 */;
/*!50503 SET NAMES utf8mb4 */;
/*!40103 SET @OLD_TIME_ZONE=@@TIME_ZONE */;
/*!40103 SET TIME_ZONE='+00:00' */;
/*!40014 SET @OLD_FOREIGN_KEY_CHECKS=@@FOREIGN_KEY_CHECKS, FOREIGN_KEY_CHECKS=0 */;
/*!40101 SET @OLD_SQL_MODE=@@SQL_MODE, SQL_MODE='NO_AUTO_VALUE_ON_ZERO' */;
/*!40111 SET @OLD_SQL_NOTES=@@SQL_NOTES, SQL_NOTES=0 */;

-- Dumping structure for table mawl.absensi
DROP TABLE IF EXISTS `absensi`;
CREATE TABLE IF NOT EXISTS `absensi` (
  `id` int NOT NULL,
  `id_pegawai` int DEFAULT NULL,
  `nama` varchar(50) COLLATE utf8mb4_unicode_ci DEFAULT NULL,
  `keterangan` varchar(10) COLLATE utf8mb4_unicode_ci DEFAULT NULL,
  `kategori` varchar(50) COLLATE utf8mb4_unicode_ci DEFAULT NULL,
  `tanggal` date DEFAULT NULL,
  `jam` time DEFAULT NULL
) ENGINE=InnoDB DEFAULT CHARSET=utf8mb4 COLLATE=utf8mb4_unicode_ci;

-- Dumping data for table mawl.absensi: ~44 rows (approximately)
INSERT INTO `absensi` (`id`, `id_pegawai`, `nama`, `keterangan`, `kategori`, `tanggal`, `jam`) VALUES
	(2, 1, 'Asep', '', 'pagi', '2022-05-01', '11:10:15'),
	(3, 3, 'Usman', 'I', 'pagi', '2022-05-01', '11:11:28'),
	(4, 1, 'Asep', '', 'pagi', '2022-05-02', '06:33:04'),
	(5, 1, 'Asep', '', 'siang', '2022-05-02', '11:33:14'),
	(6, 3, 'Usman', '', 'pagi', '2022-05-02', '08:41:53'),
	(8, 3, 'Usman', '', 'siang', '2022-05-02', '18:00:00'),
	(9, 3, 'Usman', 'A', 'pagi', '2022-05-06', '19:05:20'),
	(10, 4, 'Ujang subagya', '', 'siang', '2022-05-07', '17:09:31'),
	(11, 1, 'Asep', '', 'pagi', '2022-05-24', '10:01:17'),
	(12, 1, 'Asep', 'I', 'pagi', '2022-05-30', '07:42:20'),
	(13, 1, 'Asep', 'I', 'siang', '2022-05-30', '07:43:30'),
	(14, 3, 'Usman', 'A', 'pagi', '2022-05-30', '07:43:47'),
	(15, 4, 'Ujang subagya', 'S', 'pagi', '2022-05-30', '07:44:34'),
	(16, 3, 'Usman', 'I', 'siang', '2022-05-30', '07:44:47'),
	(17, 4, 'Ujang subagya', '', 'siang', '2022-05-30', '07:45:48'),
	(18, 11, 'Ainun', 'A', 'pagi', '2022-05-30', '08:28:11'),
	(19, 11, 'Ainun', '', 'siang', '2022-05-30', '08:28:22'),
	(20, 9, 'Galuh', 'A', 'pagi', '2022-05-30', '08:28:39'),
	(21, 9, 'Galuh', 'A', 'siang', '2022-05-30', '08:28:48'),
	(22, 8, 'Intan', '', 'pagi', '2022-05-30', '08:29:06'),
	(23, 8, 'Intan', '', 'siang', '2022-05-30', '08:29:16'),
	(24, 7, 'Nurul aini', 'I', 'pagi', '2022-05-30', '08:29:29'),
	(25, 7, 'Nurul aini', '', 'siang', '2022-05-30', '08:29:42'),
	(26, 6, 'Riska', 'S', 'pagi', '2022-05-30', '08:29:53'),
	(27, 6, 'Riska', 'S', 'siang', '2022-05-30', '08:30:02'),
	(28, 10, 'Susi', 'A', 'pagi', '2022-05-30', '08:30:15'),
	(31, 7, 'Nurul aini', 'I', 'pagi', '2022-06-21', '17:01:27'),
	(32, 11, 'Ainun', 'I', 'pagi', '2022-06-21', '17:03:45'),
	(35, 11, 'Ainun', 'I', 'pagi', '2022-06-22', '18:21:58'),
	(40, 11, 'Ainun', 'A', 'pagi', '2022-07-19', '08:15:15'),
	(41, 11, 'Ainun', '', 'siang', '2022-07-19', '08:15:28'),
	(42, 9, 'Galuh', '', 'pagi', '2022-07-19', '08:15:40'),
	(43, 9, 'Galuh', '', 'siang', '2022-07-19', '08:15:49'),
	(44, 8, 'Intan', 'I', 'pagi', '2022-07-19', '08:15:59'),
	(45, 8, 'Intan', 'I', 'siang', '2022-07-19', '08:16:08'),
	(46, 7, 'Nurul aini', '', 'pagi', '2022-07-19', '08:16:17'),
	(47, 7, 'Nurul aini', 'S', 'siang', '2022-07-19', '08:16:28'),
	(48, 6, 'Riska', '', 'pagi', '2022-07-19', '08:16:39'),
	(49, 6, 'Riska', '', 'siang', '2022-07-19', '08:16:47'),
	(50, 10, 'Susi', 'A', 'pagi', '2022-07-19', '08:16:58'),
	(51, 10, 'Susi', 'S', 'siang', '2022-07-19', '08:17:08'),
	(53, 12, 'Abdul', 'I', 'siang', '2022-07-19', '15:44:42'),
	(54, 12, 'Abdul', '', 'pagi', '2022-07-19', '15:46:47'),
	(62, 8, 'Intan', '', 'pagi', '2023-02-22', '10:45:24');

-- Dumping structure for table mawl.event
DROP TABLE IF EXISTS `event`;
CREATE TABLE IF NOT EXISTS `event` (
  `id` int NOT NULL AUTO_INCREMENT,
  `nama` varchar(200) COLLATE utf8mb3_unicode_ci NOT NULL,
  `nama2` varchar(200) COLLATE utf8mb3_unicode_ci NOT NULL,
  `nama3` varchar(10) COLLATE utf8mb3_unicode_ci NOT NULL,
  `winner` varchar(3) COLLATE utf8mb3_unicode_ci NOT NULL,
  PRIMARY KEY (`id`)
) ENGINE=InnoDB DEFAULT CHARSET=utf8mb3 COLLATE=utf8mb3_unicode_ci;

-- Dumping data for table mawl.event: ~7 rows (approximately)
INSERT INTO `event` (`id`, `nama`, `nama2`, `nama3`, `winner`) VALUES
	(1, 'FIFA World Cup', 'QATAR 2022', 'WC', 'ARG'),
	(2, 'AFF Cup', 'ASEAN 2022', 'AFF', 'THA'),
	(3, 'FIFA U-17 World Cup', 'INDONESIA 2023', 'WC U17', 'GER'),
	(4, 'AFC Asian Cup', 'QATAR 2023', 'AFC', 'QAT'),
	(5, 'AFC Asian Cup U-20', 'UZBEKISTAN 2023', 'AFC U20', 'UZB'),
	(6, 'SEA Games Mens Football', 'CAMBODIA 2023', 'SEA G', 'IDN'),
	(7, 'AFC Asian Cup U-23', 'QATAR 2024', 'AFC U23', 'JPN');

-- Dumping structure for table mawl.negara
DROP TABLE IF EXISTS `negara`;
CREATE TABLE IF NOT EXISTS `negara` (
  `id` int NOT NULL AUTO_INCREMENT,
  `kode` varchar(3) COLLATE utf8mb3_unicode_ci NOT NULL,
  `negara` varchar(50) COLLATE utf8mb3_unicode_ci NOT NULL,
  `konfederasi` varchar(50) COLLATE utf8mb3_unicode_ci NOT NULL,
  `grup` char(1) COLLATE utf8mb3_unicode_ci NOT NULL,
  PRIMARY KEY (`id`),
  UNIQUE KEY `kode_negara` (`kode`)
) ENGINE=InnoDB DEFAULT CHARSET=utf8mb3 COLLATE=utf8mb3_unicode_ci;

-- Dumping data for table mawl.negara: ~74 rows (approximately)
INSERT INTO `negara` (`id`, `kode`, `negara`, `konfederasi`, `grup`) VALUES
	(1, 'QAT', 'QATAR', 'AFC', 'A'),
	(2, 'ECU', 'ECUADOR', 'CONMEBOL', 'A'),
	(3, 'SEN', 'SENEGAL', 'CAF', 'A'),
	(4, 'NED', 'NETHERLANDS', 'UEFA', 'A'),
	(5, 'ENG', 'ENGLAND', 'UEFA', 'B'),
	(6, 'IRN', 'IR IRAN', 'AFC', 'B'),
	(7, 'USA', 'USA', 'CONCACAF', 'B'),
	(8, 'WAL', 'WALES', 'UEFA', 'B'),
	(9, 'ARG', 'ARGENTINE', 'CONMEBOL', 'C'),
	(10, 'KSA', 'SAUDI ARABIA', 'AFC', 'C'),
	(11, 'MEX', 'MEXICO', 'CONCACAF', 'C'),
	(12, 'POL', 'POLAND', 'UEFA', 'C'),
	(13, 'DEN', 'DENMARK', 'UEFA', 'D'),
	(14, 'TUN', 'TUNISIA', 'CAF', 'D'),
	(15, 'FRA', 'FRANCE', 'UEFA', 'D'),
	(16, 'AUS', 'AUSTRALIA', 'AFC', 'D'),
	(17, 'GER', 'GERMANY', 'UEFA', 'E'),
	(18, 'JPN', 'JAPAN', 'AFC', 'E'),
	(19, 'ESP', 'SPAIN', 'UEFA', 'E'),
	(20, 'CRC', 'COSTA RICA', 'CONCACAF', 'E'),
	(21, 'MAR', 'MOROCCO', 'CAF', 'F'),
	(22, 'CRO', 'CROATIA', 'UEFA', 'F'),
	(23, 'BEL', 'BELGIUM', 'UEFA', 'F'),
	(24, 'CAN', 'CANADA', 'CONCACAF', 'F'),
	(25, 'SUI', 'SWITZERLAND', 'UEFA', 'G'),
	(26, 'CMR', 'CAMEROON', 'CAF', 'G'),
	(27, 'BRA', 'BRAZIL', 'CONMEBOL', 'G'),
	(28, 'SRB', 'SERBIA', 'UEFA', 'G'),
	(29, 'URU', 'URUGUAY', 'CONMEBOL', 'H'),
	(30, 'KOR', 'KOREA REPUBLIC', 'AFC', 'H'),
	(31, 'POR', 'PORTUGAL', 'UEFA', 'H'),
	(32, 'GHA', 'GHANA', 'CAF', 'H'),
	(33, 'BRU', 'BRUNEI DARUSSALAM', 'AFC', 'A'),
	(34, 'CAM', 'CAMBODIA', 'AFC', 'A'),
	(35, 'IDN', 'INDONESIA', 'AFC', 'A'),
	(36, 'PHI', 'PHILIPPINES', 'AFC', 'A'),
	(37, 'THA', 'THAILAND', 'AFC', 'A'),
	(38, 'LAO', 'LAO PDR', 'AFC', 'B'),
	(39, 'MAS', 'MALAYSIA', 'AFC', 'B'),
	(40, 'MYA', 'MYANMAR', 'AFC', 'B'),
	(41, 'SIN', 'SINGAPORE', 'AFC', 'B'),
	(42, 'VIE', 'VIETNAM', 'AFC', 'B'),
	(43, 'UZB', 'UZBEKISTAN', 'AFC', 'A'),
	(44, 'IRQ', 'IRAQ', 'AFC', 'A'),
	(45, 'SYR', 'SYRIA', 'AFC', 'A'),
	(46, 'TJK', 'TAJIKISTAN', 'AFC', 'C'),
	(47, 'JOR', 'JORDAN', 'AFC', 'C'),
	(48, 'OMA', 'OMAN', 'AFC', 'C'),
	(49, 'CHN', 'CHINA', 'AFC', 'D'),
	(50, 'KGZ', 'KYRGYZSTAN', 'AFC', 'D'),
	(51, 'GAM', 'GAMBIA', 'CAF', ''),
	(52, 'NGA', 'NIGERIA', 'CAF', ''),
	(53, 'DOM', 'DOMINICAN REPUBLIC', 'CONCACAF', ''),
	(54, 'GUA', 'GUATEMALA', 'CONCACAF', ''),
	(55, 'HON', 'HONDURAS', 'CONCACAF', ''),
	(56, 'COL', 'COLOMBIA', 'CONMEBOL', ''),
	(57, 'FIJ', 'FIJI', 'OFC', ''),
	(58, 'NZL', 'NEW ZEALAND', 'OFC', ''),
	(59, 'ISR', 'ISRAEL', 'UEFA', ''),
	(60, 'ITA', 'ITALY', 'UEFA', ''),
	(61, 'SVK', 'SLOVAKIA', 'UEFA', ''),
	(62, 'PAN', 'PANAMA', 'CONCACAF', 'A'),
	(63, 'MLI', 'MALI', 'CAF', 'B'),
	(64, 'NCL', 'NEW CALEDONIA', 'OFC', 'C'),
	(65, 'BFA', 'BURKINA FASO', 'CAF', 'E'),
	(66, 'VEN', 'VENEZUELA', 'CONMEBOL', 'F'),
	(67, 'TLS', 'TIMOR LESTE', 'AFC', 'A'),
	(68, 'UAE', 'UNITED ARAB EMIRATES', 'AFC', ''),
	(69, 'KUW', 'KUWAIT', 'AFC', ''),
	(70, 'LBN', 'LEBANON', 'AFC', ''),
	(71, 'IND', 'INDIA', 'AFC', ''),
	(72, 'HKG', 'HONGKONG', 'AFC', ''),
	(73, 'PLE', 'PALESTINE', 'AFC', ''),
	(74, 'BHR', 'BAHRAIN', 'AFC', '');

-- Dumping structure for table mawl.ost_list
DROP TABLE IF EXISTS `ost_list`;
CREATE TABLE IF NOT EXISTS `ost_list` (
  `id` int NOT NULL AUTO_INCREMENT,
  `judul` varchar(200) CHARACTER SET utf8mb3 COLLATE utf8mb3_general_ci DEFAULT NULL,
  `artis` varchar(200) CHARACTER SET utf8mb3 COLLATE utf8mb3_general_ci DEFAULT NULL,
  `urutan` int NOT NULL DEFAULT '0',
  `jenis` varchar(200) DEFAULT NULL,
  `anime` varchar(200) CHARACTER SET utf8mb3 COLLATE utf8mb3_general_ci DEFAULT NULL,
  `url` mediumtext,
  `url2` mediumtext NOT NULL,
  `created_at` datetime NOT NULL DEFAULT CURRENT_TIMESTAMP,
  `updated_at` datetime NOT NULL DEFAULT CURRENT_TIMESTAMP ON UPDATE CURRENT_TIMESTAMP,
  PRIMARY KEY (`id`),
  UNIQUE KEY `judul_artis` (`judul`,`artis`)
) ENGINE=InnoDB DEFAULT CHARSET=latin1;

-- Dumping data for table mawl.ost_list: ~88 rows (approximately)
INSERT INTO `ost_list` (`id`, `judul`, `artis`, `urutan`, `jenis`, `anime`, `url`, `url2`, `created_at`, `updated_at`) VALUES
	(1, 'R★O★C★K★S', 'HOUND DOG', 1, 'OP', 'Naruto', 'https://www.youtube.com/watch?v=7qGONf0O24g', '', '2023-07-21 05:28:13', '2023-10-05 11:14:14'),
	(2, 'Haruka Kanata', 'ASIAN KUNG-FU GENERATION', 2, 'OP', 'Naruto', 'https://www.youtube.com/watch?v=RNP2rDJk3Ao', 'https://www.youtube.com/watch?v=nJ6A6GC_ki4', '2023-07-21 05:28:13', '2023-10-05 11:16:53'),
	(3, 'Kanashimi wo Yasashisa ni', 'little by little', 3, 'OP', 'Naruto', 'https://www.youtube.com/watch?v=dcC1ROWn2-o', 'https://www.youtube.com/watch?v=rBnJ7KB9rPc', '2023-07-21 05:28:13', '2023-10-05 11:18:45'),
	(4, 'GO!!!', 'FLOW', 4, 'OP', 'Naruto', 'https://www.youtube.com/watch?v=y__WAOgkRfw', 'https://www.youtube.com/watch?v=AE4b9jO1uB4', '2023-07-21 05:28:13', '2023-10-05 11:20:48'),
	(5, 'Seishun Kyosokyoku', 'Sambomaster', 5, 'OP', 'Naruto', 'https://www.youtube.com/watch?v=B8TClXpFbC4', 'https://www.youtube.com/watch?v=B8TClXpFbC4', '2023-07-21 05:28:13', '2023-10-05 11:23:43'),
	(6, 'No Boy, No Cry', 'Stance Punks', 6, 'OP', 'Naruto', 'https://www.youtube.com/watch?v=GAOee8wmQts', 'https://www.youtube.com/watch?v=Ssw44LPpEmE', '2023-07-21 05:28:13', '2023-10-05 11:24:58'),
	(7, 'Namikaze Satellite', 'Snowkel', 7, 'OP', 'Naruto', 'https://www.youtube.com/watch?v=PF3jjyXtHlM', 'https://www.youtube.com/watch?v=nnAI30uSmb8', '2023-07-21 05:28:13', '2023-10-05 11:26:01'),
	(8, 'Re:member', 'FLOW', 8, 'OP', 'Naruto', 'https://www.youtube.com/watch?v=Eqygi0dv4dA', 'https://www.youtube.com/watch?v=1i0GcfVtKC4', '2023-07-21 05:28:13', '2023-10-05 11:26:42'),
	(9, 'Yura Yura', 'Hearts Grow', 9, 'OP', 'Naruto', 'https://www.youtube.com/watch?v=wiVoeyz9Xj0', 'https://www.youtube.com/watch?v=et63MxFi6mU', '2023-07-21 05:28:13', '2023-10-05 11:29:13'),
	(10, 'Wind', 'Akeboshi', 1, 'ED', 'Naruto', 'https://www.youtube.com/watch?v=oJm44VRp6zQ', 'https://www.youtube.com/watch?v=WqGOaOHu5uY', '2023-07-21 05:28:13', '2023-10-05 11:30:13'),
	(11, 'Harmonia', 'RYTHEM', 2, 'ED', 'Naruto', 'https://www.youtube.com/watch?v=XtbFKTwNgkQ', 'https://www.youtube.com/watch?v=sE9Q5RK4ML0', '2023-07-21 05:28:13', '2023-10-05 11:33:28'),
	(12, 'Viva Rock ~Japanese Side~', 'Orange Range', 3, 'ED', 'Naruto', 'https://www.youtube.com/watch?v=kcd4J9z0fGw', 'https://www.youtube.com/watch?v=XXHhO3CxLec', '2023-07-21 05:28:13', '2023-10-05 11:34:50'),
	(13, 'ALIVE', 'Raiko', 4, 'ED', 'Naruto', 'https://www.youtube.com/watch?v=F6ZUurvoCm8', 'https://www.youtube.com/watch?v=8OOEDENv3Ms', '2023-07-21 05:28:13', '2023-10-05 11:36:21'),
	(14, 'Ima made Nando mo', 'the Mass Missile', 5, 'ED', 'Naruto', 'https://www.youtube.com/watch?v=CFzVrYOKOP8', 'https://www.youtube.com/watch?v=UdnjEeE75GQ', '2023-07-21 05:28:13', '2023-10-05 11:37:35'),
	(15, 'Ryusei', 'Tia', 6, 'ED', 'Naruto', 'https://www.youtube.com/watch?v=1kood7TeCQo', 'https://www.youtube.com/watch?v=jBjxYNyipBs', '2023-07-21 05:28:13', '2023-10-05 11:38:36'),
	(16, 'Mountain A Go Go Too', 'Captain Straydum', 7, 'ED', 'Naruto', 'https://www.youtube.com/watch?v=VsuGZ83c-84', '', '2023-07-21 05:28:13', '2023-10-05 12:01:52'),
	(17, 'Hajimete Kimi to Shabetta', 'GagagaSP', 8, 'ED', 'Naruto', 'https://www.youtube.com/watch?v=CKA2DWDvvfo', 'https://www.youtube.com/watch?v=KGiK_44feDk', '2023-07-21 05:28:13', '2023-10-05 12:02:42'),
	(18, 'Nakushita Kotoba', 'No Regret Life', 9, 'ED', 'Naruto', 'https://www.youtube.com/watch?v=X6xqvKewlAA', 'https://www.youtube.com/watch?v=i6NPuCiFmWM', '2023-07-21 05:28:13', '2023-10-05 11:41:25'),
	(19, 'Speed', 'Analogfish', 10, 'ED', 'Naruto', 'https://www.youtube.com/watch?v=ZvUFnXNNo3E', 'https://www.youtube.com/watch?v=HBshEKFgO_w', '2023-07-21 05:28:13', '2023-10-05 12:04:29'),
	(20, 'Soba ni Iru Kara', 'Amadori', 11, 'ED', 'Naruto', 'https://www.youtube.com/watch?v=Ja18uMk2KkE', 'https://www.youtube.com/watch?v=Sh3gfhC3yAA', '2023-07-21 05:28:13', '2023-10-05 12:05:12'),
	(21, 'Parade', 'CHABA', 12, 'ED', 'Naruto', 'https://www.youtube.com/watch?v=gFMIOetfLUw', 'https://www.youtube.com/watch?v=T30prABNlVM', '2023-07-21 05:28:13', '2023-10-05 12:06:05'),
	(22, 'Yellow Moon', 'Akeboshi', 13, 'ED', 'Naruto', 'https://www.youtube.com/watch?v=foa-Ga8yE1s', 'https://www.youtube.com/watch?v=9PG7r1hNWkE', '2023-07-21 05:28:13', '2023-10-05 12:06:51'),
	(23, 'Pinocchio', 'Ore Ska Band', 14, 'ED', 'Naruto', 'https://www.youtube.com/watch?v=XZzliAW2iho', 'https://www.youtube.com/watch?v=wb35VpR3-jA', '2023-07-21 05:28:13', '2023-10-05 12:07:59'),
	(24, 'Scenario', 'SABOTEN', 15, 'ED', 'Naruto', 'https://www.youtube.com/watch?v=V6Bd0CT7Fb0', 'https://www.youtube.com/watch?v=3wcJgXLsonM', '2023-07-21 05:28:13', '2023-10-05 12:08:59'),
	(25, 'Hero’s Come Back', 'nobodyknows+', 1, 'OP', 'Naruto Shippuden', NULL, '', '2023-07-21 05:28:13', '2023-07-21 05:30:19'),
	(26, 'distance', 'LONG SHOT PARTY', 2, 'OP', 'Naruto Shippuden', NULL, '', '2023-07-21 05:28:13', '2023-07-21 05:30:19'),
	(27, 'Blue Bird', 'Ikimonogakari', 3, 'OP', 'Naruto Shippuden', NULL, '', '2023-07-21 05:28:13', '2023-07-21 05:30:19'),
	(28, 'CLOSER', 'Inoue Joe', 4, 'OP', 'Naruto Shippuden', NULL, '', '2023-07-21 05:28:13', '2023-07-21 05:30:19'),
	(29, 'Hotaru no Hikari', 'Ikimonogakari', 5, 'OP', 'Naruto Shippuden', NULL, '', '2023-07-21 05:28:13', '2023-07-21 05:30:19'),
	(30, 'Sign', 'FLOW', 6, 'OP', 'Naruto Shippuden', NULL, '', '2023-07-21 05:28:13', '2023-07-21 05:30:19'),
	(31, 'Toumei Datta Sekai', 'Motohiro Hata', 7, 'OP', 'Naruto Shippuden', NULL, '', '2023-07-21 05:28:13', '2023-07-21 05:30:19'),
	(32, 'Diver', 'NICO Touches the Walls', 8, 'OP', 'Naruto Shippuden', NULL, '', '2023-07-21 05:28:13', '2023-07-21 05:30:19'),
	(33, 'Lovers', '7!!', 9, 'OP', 'Naruto Shippuden', NULL, '', '2023-07-21 05:28:13', '2023-07-21 05:30:19'),
	(34, 'newsong', 'tacica', 10, 'OP', 'Naruto Shippuden', NULL, '', '2023-07-21 05:28:13', '2023-07-21 05:30:19'),
	(35, 'Totsugeki Rock', 'THE CRO-MAGNONS', 11, 'OP', 'Naruto Shippuden', NULL, '', '2023-07-21 05:28:13', '2023-07-21 05:30:19'),
	(36, 'Moshimo', 'Daisuke', 12, 'OP', 'Naruto Shippuden', NULL, '', '2023-07-21 05:28:13', '2023-07-21 05:30:19'),
	(37, 'Niwaka Ame Nimo Makezu', 'NICO Touches the Walls', 13, 'OP', 'Naruto Shippuden', NULL, '', '2023-07-21 05:28:13', '2023-07-21 05:30:19'),
	(38, 'Tsuki no Ookisa', 'Nogizaka46', 14, 'OP', 'Naruto Shippuden', NULL, '', '2023-07-21 05:28:13', '2023-07-21 05:30:19'),
	(39, 'Guren', 'DOES', 15, 'OP', 'Naruto Shippuden', NULL, '', '2023-07-21 05:28:13', '2023-07-21 05:30:19'),
	(40, 'Silhouette', 'KANA-BOON', 16, 'OP', 'Naruto Shippuden', NULL, '', '2023-07-21 05:28:13', '2023-07-21 05:30:19'),
	(41, 'Kaze', 'Yamazaru', 17, 'OP', 'Naruto Shippuden', NULL, '', '2023-07-21 05:28:13', '2023-07-21 05:30:19'),
	(42, 'LINE', 'Sukima Switch', 18, 'OP', 'Naruto Shippuden', NULL, '', '2023-07-21 05:28:13', '2023-07-21 05:30:19'),
	(43, 'Blood Circulator', 'ASIAN KUNG-FU GENERATION', 19, 'OP', 'Naruto Shippuden', NULL, '', '2023-07-21 05:28:13', '2023-07-21 05:30:19'),
	(44, 'Kara no Kokoro', 'Anly', 20, 'OP', 'Naruto Shippuden', NULL, '', '2023-07-21 05:28:13', '2023-07-21 05:30:19'),
	(45, 'Nagare Boshi ~Shooting Star~', 'HOME MADE Kazoku', 1, 'ED', 'Naruto Shippuden', NULL, '', '2023-07-21 05:28:13', '2023-07-21 05:30:30'),
	(46, 'Michi ~to you all', 'aluto', 2, 'ED', 'Naruto Shippuden', NULL, '', '2023-07-21 05:28:13', '2023-07-21 05:30:30'),
	(47, 'Kimi Monogatari', 'little by little', 3, 'ED', 'Naruto Shippuden', NULL, '', '2023-07-21 05:28:13', '2023-07-21 05:30:30'),
	(48, 'Mezamero! Yasei', 'MATCHY with QUESTION?', 4, 'ED', 'Naruto Shippuden', NULL, '', '2023-07-21 05:28:13', '2023-07-21 05:30:30'),
	(49, 'Sunao na Niji', 'surface', 5, 'ED', 'Naruto Shippuden', NULL, '', '2023-07-21 05:28:13', '2023-07-21 05:30:30'),
	(50, 'Broken Youth', 'Nico Touches the Walls', 6, 'ED', 'Naruto Shippuden', NULL, '', '2023-07-21 05:28:13', '2023-07-21 05:30:30'),
	(51, 'Long Kiss Goodbye', 'HALCALI', 7, 'ED', 'Naruto Shippuden', NULL, '', '2023-07-21 05:28:13', '2023-07-21 05:30:30'),
	(52, 'BACCHIKOI!!!', 'DEV PARADE', 8, 'ED', 'Naruto Shippuden', NULL, '', '2023-07-21 05:28:13', '2023-07-21 05:30:30'),
	(53, 'Shinkokyuu', 'SUPER BEAVER', 9, 'ED', 'Naruto Shippuden', NULL, '', '2023-07-21 05:28:13', '2023-07-21 05:30:30'),
	(54, 'My ANSWER', 'SEAMO', 10, 'ED', 'Naruto Shippuden', NULL, '', '2023-07-21 05:28:13', '2023-07-21 05:30:30'),
	(55, 'Omae Dattanda', 'Kishidan', 11, 'ED', 'Naruto Shippuden', NULL, '', '2023-07-21 05:28:13', '2023-07-21 05:30:30'),
	(56, 'For You', 'AZU', 12, 'ED', 'Naruto Shippuden', NULL, '', '2023-07-21 05:28:13', '2023-07-21 05:30:30'),
	(57, 'Jitensha', 'OreSkaBand', 13, 'ED', 'Naruto Shippuden', NULL, '', '2023-07-21 05:28:13', '2023-07-21 05:30:30'),
	(58, 'Utakata Hanabi', 'supercell', 14, 'ED', 'Naruto Shippuden', NULL, '', '2023-07-21 05:28:13', '2023-07-21 05:30:30'),
	(59, 'U can do it!', 'DOMINO', 15, 'ED', 'Naruto Shippuden', NULL, '', '2023-07-21 05:28:13', '2023-07-21 05:30:30'),
	(60, 'Mayonaka no Orchestra', 'Aqua Timez', 16, 'ED', 'Naruto Shippuden', NULL, '', '2023-07-21 05:28:13', '2023-07-21 05:30:30'),
	(61, 'FREEDOM', 'HOME MADE Kazoku', 17, 'ED', 'Naruto Shippuden', NULL, '', '2023-07-21 05:28:13', '2023-07-21 05:30:30'),
	(62, 'Yokubou wo Sakebe!!!!', 'OKAMOTO’S', 18, 'ED', 'Naruto Shippuden', NULL, '', '2023-07-21 05:28:13', '2023-07-21 05:30:30'),
	(63, 'Place to Try', 'TOTALFAT', 19, 'ED', 'Naruto Shippuden', NULL, '', '2023-07-21 05:28:13', '2023-07-21 05:30:30'),
	(64, 'By My Side', 'Hemenway', 20, 'ED', 'Naruto Shippuden', NULL, '', '2023-07-21 05:28:13', '2023-07-21 05:30:30'),
	(65, 'Cascade', 'UNLIMITS', 21, 'ED', 'Naruto Shippuden', NULL, '', '2023-07-21 05:28:13', '2023-07-21 05:30:30'),
	(66, 'Kono Koe Karashite feat. CHEHON', 'AISHA', 22, 'ED', 'Naruto Shippuden', NULL, '', '2023-07-21 05:28:13', '2023-07-21 05:30:30'),
	(67, 'MOTHER', 'MUCC', 23, 'ED', 'Naruto Shippuden', NULL, '', '2023-07-21 05:28:13', '2023-07-21 05:30:30'),
	(68, 'Sayonara Memory', '7!!', 24, 'ED', 'Naruto Shippuden', NULL, '', '2023-07-21 05:28:13', '2023-07-21 05:30:30'),
	(69, 'I Can Hear', 'DISH//', 25, 'ED', 'Naruto Shippuden', NULL, '', '2023-07-21 05:28:13', '2023-07-21 05:30:30'),
	(70, 'Yume wo Daite ~Hajimari no Crissroad~', 'Rake', 26, 'ED', 'Naruto Shippuden', NULL, '', '2023-07-21 05:28:13', '2023-07-21 05:30:30'),
	(71, 'Black Night Town', 'Akihisa Kondou', 27, 'ED', 'Naruto Shippuden', NULL, '', '2023-07-21 05:28:13', '2023-07-21 05:30:30'),
	(72, 'Niji', 'Shinkuu Horou', 28, 'ED', 'Naruto Shippuden', NULL, '', '2023-07-21 05:28:13', '2023-07-21 05:30:30'),
	(73, 'FLAME', 'DISH//', 29, 'ED', 'Naruto Shippuden', NULL, '', '2023-07-21 05:28:13', '2023-07-21 05:30:30'),
	(74, 'Never Change feat.Lyu:Lyu', 'SHUN', 30, 'ED', 'Naruto Shippuden', NULL, '', '2023-07-21 05:28:13', '2023-07-21 05:30:30'),
	(75, 'Dame Dame da', 'Shiori Tomita', 31, 'ED', 'Naruto Shippuden', NULL, '', '2023-07-21 05:28:13', '2023-07-21 05:30:30'),
	(76, 'Spinning World', 'Diana Garnet', 32, 'ED', 'Naruto Shippuden', NULL, '', '2023-07-21 05:28:13', '2023-07-21 05:30:30'),
	(77, 'Kotoba no Iranai Yakusoku', 'sana', 33, 'ED', 'Naruto Shippuden', NULL, '', '2023-07-21 05:28:13', '2023-07-21 05:30:30'),
	(78, 'Niji no Sora', 'FLOW', 34, 'ED', 'Naruto Shippuden', NULL, '', '2023-07-21 05:28:13', '2023-07-21 05:30:30'),
	(79, 'Trouble Maker', 'KANIKAPILA', 35, 'ED', 'Naruto Shippuden', NULL, '', '2023-07-21 05:28:13', '2023-07-21 05:30:30'),
	(80, 'Sonna Kimi, Konna Boku', 'Thinking Dogs', 36, 'ED', 'Naruto Shippuden', NULL, '', '2023-07-21 05:28:13', '2023-07-21 05:30:30'),
	(81, 'Ao no Lullaby', 'Kuroneko Chelsea', 37, 'ED', 'Naruto Shippuden', NULL, '', '2023-07-21 05:28:13', '2023-07-21 05:30:30'),
	(82, 'Pino to Amélie', 'Huwie Ishizaki', 38, 'ED', 'Naruto Shippuden', NULL, '', '2023-07-21 05:28:13', '2023-07-21 05:30:30'),
	(83, 'Tabidachi no Uta', 'Ayumikurikamaki', 39, 'ED', 'Naruto Shippuden', NULL, '', '2023-07-21 05:28:13', '2023-07-21 05:30:30'),
	(84, 'Zetsu Zetsu', 'Swimy', 40, 'ED', 'Naruto Shippuden', NULL, '', '2023-07-21 05:28:13', '2023-07-21 05:30:30'),
	(85, 'Naruto (kecil) ALL OP', NULL, 0, 'OP', 'Naruto', 'https://www.youtube.com/watch?v=zlb_i1gcfyg', '', '2023-10-05 12:15:34', '2023-10-05 12:19:32'),
	(86, 'Naruto (kecil) ALL ED', NULL, 0, 'ED', 'Naruto', 'https://www.youtube.com/watch?v=tuMBQODl-RQ', '', '2023-10-05 12:15:34', '2023-10-05 12:19:25'),
	(87, 'Naruto Shippuden ALL OP', NULL, 0, 'OP', 'Naruto Shippuden', 'https://www.youtube.com/watch?v=BgbRQ9oTpPs', '', '2023-10-05 12:19:12', '2023-10-05 12:19:12'),
	(88, 'Naruto Shippuden All ED', NULL, 0, 'ED', 'Naruto Shippuden', 'https://www.youtube.com/watch?v=V4CIcFbJ5Hk', 'https://www.youtube.com/watch?v=V4CIcFbJ5Hk', '2023-10-05 12:19:12', '2023-10-05 12:19:12');

-- Dumping structure for table mawl.pegawai
DROP TABLE IF EXISTS `pegawai`;
CREATE TABLE IF NOT EXISTS `pegawai` (
  `id` int NOT NULL AUTO_INCREMENT,
  `nama` varchar(255) COLLATE utf8mb4_general_ci DEFAULT NULL,
  `alamat` varchar(255) COLLATE utf8mb4_general_ci DEFAULT NULL,
  `telp` varchar(50) COLLATE utf8mb4_general_ci DEFAULT NULL,
  `gaji` int NOT NULL DEFAULT '0',
  `created_at` datetime NOT NULL DEFAULT CURRENT_TIMESTAMP,
  `updated_at` datetime NOT NULL DEFAULT CURRENT_TIMESTAMP ON UPDATE CURRENT_TIMESTAMP,
  PRIMARY KEY (`id`)
) ENGINE=InnoDB DEFAULT CHARSET=utf8mb4 COLLATE=utf8mb4_general_ci;

-- Dumping data for table mawl.pegawai: ~8 rows (approximately)
INSERT INTO `pegawai` (`id`, `nama`, `alamat`, `telp`, `gaji`, `created_at`, `updated_at`) VALUES
	(6, 'Riska', 'Japanan', '0812', 60000, '2022-05-30 01:20:23', '2022-05-30 01:22:09'),
	(7, 'Nurul aini', 'Gempol joyo', '0882', 60000, '2022-05-30 01:20:38', '2022-05-30 01:20:38'),
	(8, 'Intan', 'Kesambi porong', '081231776521', 45000, '2022-05-30 01:22:48', '2022-05-30 01:22:48'),
	(9, 'Galuh', 'Kluwe', '08217678901', 45000, '2022-05-30 01:23:33', '2022-05-30 01:23:33'),
	(10, 'Susi', 'Sampurno', '08813456776', 50000, '2022-05-30 01:24:27', '2022-05-30 01:24:27'),
	(11, 'Ainun', 'Porong\r\n', '08982234765', 45000, '2022-05-30 01:25:01', '2022-05-30 01:25:01'),
	(12, 'Abdul', 'Sidoarjo', '123345678', 1000000, '2022-07-19 08:43:47', '2022-07-19 08:43:47'),
	(14, 'Salim', 'Kedawung ', '08596847352254687', 4000000, '2023-02-22 03:46:12', '2023-02-22 03:46:12');

-- Dumping structure for table mawl.pengguna
DROP TABLE IF EXISTS `pengguna`;
CREATE TABLE IF NOT EXISTS `pengguna` (
  `id` int NOT NULL AUTO_INCREMENT,
  `username` varchar(50) COLLATE utf8mb4_general_ci DEFAULT NULL,
  `password` text COLLATE utf8mb4_general_ci,
  PRIMARY KEY (`id`),
  UNIQUE KEY `username` (`username`)
) ENGINE=InnoDB DEFAULT CHARSET=utf8mb4 COLLATE=utf8mb4_general_ci;

-- Dumping data for table mawl.pengguna: ~0 rows (approximately)
INSERT INTO `pengguna` (`id`, `username`, `password`) VALUES
	(1, 'admin', '21232f297a57a5a743894a0e4a801fc3');

-- Dumping structure for table mawl.pertandingan
DROP TABLE IF EXISTS `pertandingan`;
CREATE TABLE IF NOT EXISTS `pertandingan` (
  `id` int NOT NULL AUTO_INCREMENT,
  `negara1` char(3) COLLATE utf8mb3_unicode_ci NOT NULL,
  `skor1` int NOT NULL,
  `skor2` int NOT NULL,
  `negara2` char(3) COLLATE utf8mb3_unicode_ci NOT NULL,
  `babak` varchar(50) COLLATE utf8mb3_unicode_ci NOT NULL,
  `tanggal` date NOT NULL,
  `keterangan` varchar(50) COLLATE utf8mb3_unicode_ci NOT NULL DEFAULT '-',
  `event_id` int NOT NULL DEFAULT '0',
  PRIMARY KEY (`id`),
  UNIQUE KEY `negara1_negara2_event` (`negara1`,`negara2`,`event_id`,`tanggal`) USING BTREE
) ENGINE=InnoDB DEFAULT CHARSET=utf8mb3 COLLATE=utf8mb3_unicode_ci;

-- Dumping data for table mawl.pertandingan: ~248 rows (approximately)
INSERT INTO `pertandingan` (`id`, `negara1`, `skor1`, `skor2`, `negara2`, `babak`, `tanggal`, `keterangan`, `event_id`) VALUES
	(1, 'QAT', 0, 2, 'ECU', 'GRUP A', '2022-11-20', '-', 1),
	(2, 'ENG', 6, 2, 'IRN', 'GRUP B', '2022-11-21', '-', 1),
	(3, 'SEN', 0, 2, 'NED', 'GRUP A', '2022-11-21', '-', 1),
	(4, 'USA', 1, 1, 'WAL', 'GRUP B', '2022-11-22', '-', 1),
	(5, 'ARG', 1, 2, 'KSA', 'GRUP C', '2022-11-22', '-', 1),
	(6, 'DEN', 0, 0, 'TUN', 'GRUP D', '2022-11-22', '-', 1),
	(7, 'MEX', 0, 0, 'POL', 'GRUP C', '2022-11-22', '-', 1),
	(8, 'FRA', 4, 1, 'AUS', 'GRUP D', '2022-11-23', '-', 1),
	(9, 'MAR', 0, 0, 'CRO', 'GRUP F', '2022-11-23', '-', 1),
	(10, 'GER', 1, 2, 'JPN', 'GRUP E', '2022-11-23', '-', 1),
	(11, 'ESP', 7, 0, 'CRC', 'GRUP E', '2022-11-23', '-', 1),
	(12, 'BEL', 1, 0, 'CAN', 'GRUP F', '2022-11-24', '-', 1),
	(13, 'SUI', 1, 0, 'CMR', 'GRUP G', '2022-11-24', '-', 1),
	(14, 'POR', 3, 2, 'GHA', 'GRUP H', '2022-11-24', '-', 1),
	(15, 'URU', 0, 0, 'KOR', 'GRUP H', '2022-11-24', '-', 1),
	(16, 'BRA', 2, 0, 'SRB', 'GRUP G', '2022-11-25', '-', 1),
	(17, 'WAL', 0, 2, 'IRN', 'GRUP B', '2022-11-25', '-', 1),
	(18, 'QAT', 1, 3, 'SEN', 'GRUP A', '2022-11-25', '-', 1),
	(19, 'NED', 1, 1, 'ECU', 'GRUP A', '2022-11-25', '-', 1),
	(20, 'ENG', 0, 0, 'USA', 'GRUP B', '2022-11-26', '-', 1),
	(21, 'TUN', 0, 1, 'AUS', 'GRUP D', '2022-11-26', '-', 1),
	(22, 'POL', 2, 0, 'KSA', 'GRUP C', '2022-11-26', '-', 1),
	(23, 'FRA', 2, 1, 'DEN', 'GRUP D', '2022-11-26', '-', 1),
	(24, 'ARG', 2, 0, 'MEX', 'GRUP C', '2022-11-27', '-', 1),
	(25, 'JPN', 0, 1, 'CRC', 'GRUP E', '2022-11-27', '-', 1),
	(26, 'BEL', 0, 2, 'MAR', 'GRUP F', '2022-11-27', '-', 1),
	(27, 'CRO', 4, 1, 'CAN', 'GRUP F', '2022-11-27', '-', 1),
	(28, 'ESP', 1, 1, 'GER', 'GRUP E', '2022-11-28', '-', 1),
	(29, 'CMR', 3, 3, 'SRB', 'GRUP G', '2022-11-28', '-', 1),
	(30, 'KOR', 2, 3, 'GHA', 'GRUP H', '2022-11-28', '-', 1),
	(31, 'BRA', 1, 0, 'SUI', 'GRUP G', '2022-11-28', '-', 1),
	(32, 'POR', 2, 0, 'URU', 'GRUP H', '2022-11-29', '-', 1),
	(33, 'ECU', 1, 2, 'SEN', 'GRUP A', '2022-11-29', '-', 1),
	(34, 'NED', 2, 0, 'QAT', 'GRUP A', '2022-11-29', '-', 1),
	(35, 'IRN', 0, 1, 'USA', 'GRUP B', '2022-11-30', '-', 1),
	(36, 'WAL', 0, 3, 'ENG', 'GRUP B', '2022-11-30', '-', 1),
	(37, 'TUN', 1, 0, 'FRA', 'GRUP D', '2022-11-30', '-', 1),
	(38, 'AUS', 1, 0, 'DEN', 'GRUP D', '2022-11-30', '-', 1),
	(39, 'POL', 0, 2, 'ARG', 'GRUP C', '2022-12-01', '-', 1),
	(40, 'KSA', 1, 2, 'MEX', 'GRUP C', '2022-12-01', '-', 1),
	(41, 'CRO', 0, 0, 'BEL', 'GRUP F', '2022-12-01', '-', 1),
	(42, 'CAN', 1, 2, 'MAR', 'GRUP E', '2022-12-01', '-', 1),
	(43, 'JPN', 2, 1, 'ESP', 'GRUP E', '2022-12-02', '-', 1),
	(44, 'CRC', 2, 4, 'GER', 'GRUP E', '2022-12-02', '-', 1),
	(45, 'KOR', 2, 1, 'POR', 'GRUP H', '2022-12-02', '-', 1),
	(46, 'GHA', 0, 2, 'URU', 'GRUP H', '2022-12-02', '-', 1),
	(47, 'CMR', 1, 0, 'BRA', 'GRUP G', '2022-12-03', '-', 1),
	(48, 'SRB', 2, 3, 'SUI', 'GRUP G', '2022-12-03', '-', 1),
	(49, 'NED', 3, 1, 'USA', '16 besar', '2022-12-03', '-', 1),
	(50, 'ARG', 2, 1, 'AUS', '16 besar', '2022-12-04', '-', 1),
	(51, 'FRA', 3, 1, 'POL', '16 besar', '2022-12-04', '-', 1),
	(52, 'ENG', 3, 0, 'SEN', '16 besar', '2022-12-05', '-', 1),
	(53, 'JPN', 1, 1, 'CRO', '16 besar', '2022-12-05', '(PK: 1 - 3)', 1),
	(54, 'BRA', 4, 1, 'KOR', '16 besar', '2022-12-06', '-', 1),
	(55, 'MAR', 0, 0, 'ESP', '16 besar', '2022-12-06', '(PK: 3-0)', 1),
	(56, 'POR', 6, 1, 'SUI', '16 besar', '2022-12-07', '-', 1),
	(57, 'CRO', 1, 1, 'BRA', '8 besar', '2022-12-09', '0-0 (ET: 1-1) (PK: 4-2)', 1),
	(58, 'NED', 2, 2, 'ARG', '8 besar', '2022-12-10', '(PK: 3-4)', 1),
	(59, 'MAR', 1, 0, 'POR', '8 besar', '2022-12-10', '-', 1),
	(60, 'ENG', 1, 2, 'FRA', '8 besar', '2022-12-11', '-', 1),
	(61, 'ARG', 3, 0, 'CRO', 'SEMIFINAL', '2022-12-14', '-', 1),
	(63, 'FRA', 2, 0, 'MAR', 'SEMIFINAL', '2022-12-15', '-', 1),
	(64, 'CRO', 2, 1, 'MAR', 'Perebutan Juara 3', '2022-12-17', '-', 1),
	(65, 'ARG', 3, 3, 'FRA', 'FINAL', '2022-12-18', '2-2 (ET: 3-3) (PK: 4-2)', 1),
	(66, 'CAM', 3, 2, 'PHI', 'GRUP A', '2022-12-20', '-', 2),
	(67, 'BRU', 0, 5, 'THA', 'GRUP A', '2022-12-20', '-', 2),
	(68, 'MYA', 0, 1, 'MAS', 'GRUP B', '2022-12-21', '-', 2),
	(69, 'LAO', 0, 6, 'VIE', 'GRUP B', '2022-12-21', '-', 2),
	(70, 'IDN', 2, 1, 'CAM', 'GRUP A', '2022-12-23', '-', 2),
	(71, 'PHI', 5, 1, 'BRU', 'GRUP A', '2022-12-23', '-', 2),
	(72, 'MAS', 5, 0, 'LAO', 'GRUP B', '2022-12-24', '-', 2),
	(73, 'SIN', 3, 2, 'MYA', 'GRUP B', '2022-12-24', '-', 2),
	(74, 'BRU', 0, 7, 'IDN', 'GRUP A', '2022-12-26', '-', 2),
	(75, 'THA', 4, 0, 'PHI', 'GRUP A', '2022-12-26', '-', 2),
	(76, 'LAO', 0, 2, 'SIN', 'GRUP B', '2022-12-27', '-', 2),
	(77, 'VIE', 3, 0, 'MAS', 'GRUP B', '2022-12-27', '-', 2),
	(78, 'IDN', 1, 1, 'THA', 'GRUP A', '2022-12-29', '-', 2),
	(79, 'CAM', 5, 1, 'BRU', 'GRUP A', '2022-12-29', '-', 2),
	(80, 'MYA', 2, 2, 'LAO', 'GRUP B', '2022-12-30', '-', 2),
	(81, 'SIN', 0, 0, 'VIE', 'GRUP B', '2022-12-30', '-', 2),
	(82, 'PHI', 1, 2, 'IDN', 'GRUP A', '2023-01-02', '-', 2),
	(83, 'THA', 3, 1, 'CAM', 'GRUP A', '2023-01-02', '-', 2),
	(84, 'VIE', 3, 0, 'MYA', 'GRUP B', '2023-01-03', '-', 2),
	(85, 'MAS', 4, 1, 'SIN', 'GRUP B', '2023-01-03', '-', 2),
	(86, 'IDN', 0, 0, 'VIE', 'SEMIFINAL', '2023-01-06', '-', 2),
	(87, 'MAS', 1, 0, 'THA', 'SEMIFINAL', '2023-01-07', '-', 2),
	(88, 'VIE', 2, 0, 'IDN', 'SEMIFINAL', '2023-01-09', '-', 2),
	(89, 'THA', 3, 0, 'MAS', 'SEMIFINAL', '2023-01-10', '-', 2),
	(90, 'VIE', 2, 2, 'THA', 'FINAL', '2023-01-13', '-', 2),
	(91, 'THA', 1, 0, 'VIE', 'FINAL', '2023-01-16', '-', 2),
	(92, 'UZB', 2, 0, 'SYR', 'GRUP A', '2023-03-01', '-', 5),
	(93, 'IDN', 0, 2, 'IRQ', 'GRUP A', '2023-03-01', '-', 5),
	(94, 'QAT', 0, 1, 'IRN', 'GRUP B', '2023-03-01', '-', 5),
	(95, 'AUS', 0, 1, 'VIE', 'GRUP B', '2023-03-01', '-', 5),
	(96, 'KOR', 4, 0, 'OMA', 'GRUP C', '2023-03-02', '-', 5),
	(97, 'TJK', 0, 2, 'JOR', 'GRUP C', '2023-03-02', '-', 5),
	(98, 'SYR', 0, 1, 'IDN', 'GRUP A', '2023-03-04', '-', 5),
	(99, 'IRQ', 0, 1, 'UZB', 'GRUP A', '2023-03-04', '-', 5),
	(100, 'IRN', 2, 3, 'AUS', 'GRUP B', '2023-03-04', '-', 5),
	(101, 'VIE', 2, 1, 'QAT', 'GRUP B', '2023-03-04', '-', 5),
	(102, 'JOR', 0, 2, 'KOR', 'GRUP C', '2023-03-05', '-', 5),
	(103, 'OMA', 0, 1, 'TJK', 'GRUP C', '2023-03-05', '-', 5),
	(104, 'KGZ', 0, 3, 'JPN', 'GRUP D', '2023-03-06', '-', 5),
	(105, 'CHN', 2, 0, 'KSA', 'GRUP D', '2023-03-06', '-', 5),
	(106, 'KSA', 1, 0, 'KGZ', 'GRUP D', '2023-03-03', '-', 5),
	(107, 'JPN', 2, 1, 'CHN', 'GRUP D', '2023-03-03', '-', 5),
	(108, 'VIE', 1, 3, 'IRN', 'GRUP B', '2023-03-07', '-', 5),
	(109, 'QAT', 1, 9, 'AUS', 'GRUP B', '2023-03-07', '-', 5),
	(110, 'UZB', 0, 0, 'IDN', 'GRUP A', '2023-03-07', '-', 5),
	(111, 'IRQ', 1, 1, 'SYR', 'GRUP A', '2023-03-07', '-', 5),
	(112, 'JOR', 0, 0, 'OMA', 'GRUP C', '2023-03-08', '-', 5),
	(113, 'KOR', 0, 0, 'TJK', 'GRUP C', '2023-03-08', '-', 5),
	(114, 'KSA', 1, 2, 'JPN', 'GRUP D', '2023-03-09', '-', 5),
	(115, 'CHN', 1, 1, 'KGZ', 'GRUP D', '2023-03-09', '-', 5),
	(116, 'UZB', 1, 1, 'AUS', '8 besar', '2023-03-11', '1-1 (PK: 5-4)', 5),
	(117, 'IRN', 0, 1, 'IRQ', '8 besar', '2023-03-11', '-', 5),
	(118, 'KOR', 1, 1, 'CHN', '8 besar', '2023-03-12', '1-1 (ET: 3-1)', 5),
	(119, 'JPN', 2, 0, 'JOR', '8 besar', '2023-03-12', '-', 5),
	(120, 'IRQ', 2, 2, 'JPN', 'SEMIFINAL', '2023-03-15', '2-2 (PK: 5-3)', 5),
	(121, 'UZB', 0, 0, 'KOR', 'SEMIFINAL', '2023-03-15', '0-0 (PK: 3-1)', 5),
	(122, 'UZB', 1, 0, 'IRQ', 'FINAL', '2023-03-18', '-', 5),
	(123, 'IDN', 3, 0, 'PHI', 'GRUP A', '2023-04-29', '-', 6),
	(124, 'CAM', 4, 0, 'TLS', 'GRUP A', '2023-04-29', '-', 6),
	(125, 'THA', 3, 1, 'SIN', 'GRUP B', '2023-04-30', '-', 6),
	(126, 'VIE', 2, 0, 'LAO', 'GRUP B', '2023-04-30', '-', 6),
	(127, 'MYA', 1, 0, 'TLS', 'GRUP A', '2023-05-02', '-', 6),
	(128, 'PHI', 1, 1, 'CAM', 'GRUP A', '2023-05-02', '-', 6),
	(130, 'SIN', 1, 3, 'VIE', 'GRUP B', '2023-05-03', '-', 6),
	(131, 'MAS', 5, 1, 'LAO', 'GRUP B', '2023-05-03', '-', 6),
	(132, 'IDN', 5, 0, 'MYA', 'GRUP A', '2023-05-04', '-', 6),
	(133, 'TLS', 3, 0, 'PHI', 'GRUP A', '2023-05-04', '-', 6),
	(134, 'THA', 2, 0, 'MAS', 'GRUP B', '2023-05-06', '-', 6),
	(135, 'LAO', 0, 0, 'SIN', 'GRUP B', '2023-05-06', '-', 6),
	(136, 'TLS', 0, 3, 'IDN', 'GRUP A', '2023-05-07', '-', 6),
	(137, 'MYA', 2, 0, 'CAM', 'GRUP A', '2023-05-07', '-', 6),
	(138, 'LAO', 1, 4, 'THA', 'GRUP B', '2023-05-08', '-', 6),
	(139, 'MAS', 1, 2, 'VIE', 'GRUP B', '2023-05-08', '-', 6),
	(140, 'PHI', 0, 1, 'MYA', 'GRUP A', '2023-05-10', '-', 6),
	(141, 'CAM', 1, 2, 'IDN', 'GRUP A', '2023-05-10', '-', 6),
	(142, 'SIN', 0, 7, 'MAS', 'GRUP B', '2023-05-11', '-', 6),
	(143, 'VIE', 1, 1, 'THA', 'GRUP B', '2023-05-11', '-', 6),
	(144, 'IDN', 3, 2, 'VIE', 'SEMIFINAL', '2023-05-13', '-', 6),
	(145, 'THA', 3, 0, 'MYA', 'SEMIFINAL', '2023-05-13', '-', 6),
	(146, 'VIE', 3, 1, 'MYA', 'Perebutan Juara 3', '2023-05-16', '-', 6),
	(147, 'IDN', 2, 2, 'THA', 'FINAL', '2023-05-16', '(AET: 5-2)', 6),
	(148, 'PAN', 0, 2, 'MAR', 'GRUP A', '2023-11-10', '-', 3),
	(149, 'IDN', 1, 1, 'ECU', 'GRUP A', '2023-11-10', '-', 3),
	(150, 'MLI', 3, 0, 'UZB', 'GRUP B', '2023-11-10', '-', 3),
	(151, 'ESP', 2, 0, 'CAN', 'GRUP B', '2023-11-10', '-', 3),
	(152, 'NCL', 0, 10, 'ENG', 'GRUP C', '2023-11-11', '-', 3),
	(153, 'BRA', 2, 3, 'IRN', 'GRUP C', '2023-11-11', '-', 3),
	(154, 'JPN', 1, 0, 'POL', 'GRUP D', '2023-11-11', '-', 3),
	(155, 'ARG', 1, 2, 'SEN', 'GRUP D', '2023-11-11', '-', 3),
	(156, 'FRA', 3, 0, 'BFA', 'GRUP E', '2023-11-12', '-', 3),
	(157, 'KOR', 1, 3, 'USA', 'GRUP E', '2023-11-12', '-', 3),
	(158, 'VEN', 3, 0, 'NZL', 'GRUP F', '2023-11-12', '-', 3),
	(159, 'MEX', 1, 3, 'GER', 'GRUP F', '2023-11-12', '-', 3),
	(160, 'ESP', 1, 0, 'MLI', 'GRUP B', '2023-11-13', '-', 3),
	(161, 'MAR', 0, 2, 'ECU', 'GRUP A', '2023-11-13', '-', 3),
	(162, 'UZB', 3, 0, 'CAN', 'GRUP B', '2023-11-13', '-', 3),
	(163, 'IDN', 1, 1, 'PAN', 'GRUP A', '2023-11-13', '-', 3),
	(164, 'BRA', 9, 0, 'NCL', 'GRUP C', '2023-11-14', '-', 3),
	(165, 'ENG', 2, 1, 'IRN', 'GRUP C', '2023-11-14', '-', 3),
	(166, 'SEN', 4, 1, 'POL', 'GRUP D', '2023-11-14', '-', 3),
	(167, 'JPN', 1, 3, 'ARG', 'GRUP D', '2023-11-14', '-', 3),
	(168, 'USA', 2, 1, 'BFA', 'GRUP E', '2023-11-15', '-', 3),
	(169, 'FRA', 1, 0, 'KOR', 'GRUP E', '2023-11-15', '-', 3),
	(170, 'MEX', 2, 2, 'VEN', 'GRUP F', '2023-11-15', '-', 3),
	(171, 'NZL', 1, 3, 'GER', 'GRUP F', '2023-11-15', '-', 3),
	(172, 'ECU', 1, 1, 'PAN', 'GRUP A', '2023-11-16', '-', 3),
	(173, 'MAR', 3, 1, 'IDN', 'GRUP A', '2023-11-16', '-', 3),
	(174, 'UZB', 2, 2, 'ESP', 'GRUP B', '2023-11-16', '-', 3),
	(175, 'CAN', 1, 5, 'MLI', 'GRUP B', '2023-11-16', '-', 3),
	(176, 'IRN', 5, 0, 'NCL', 'GRUP C', '2023-11-17', '-', 3),
	(177, 'ENG', 1, 2, 'BRA', 'GRUP C', '2023-11-17', '-', 3),
	(178, 'SEN', 0, 2, 'JPN', 'GRUP D', '2023-11-17', '-', 3),
	(179, 'POL', 0, 4, 'ARG', 'GRUP D', '2023-11-17', '-', 3),
	(180, 'USA', 0, 3, 'FRA', 'GRUP E', '2023-11-18', '-', 3),
	(181, 'BFA', 2, 1, 'KOR', 'GRUP E', '2023-11-18', '-', 3),
	(182, 'GER', 3, 0, 'VEN', 'GRUP F', '2023-11-18', '-', 3),
	(183, 'NZL', 0, 4, 'MEX', 'GRUP F', '2023-11-18', '-', 3),
	(184, 'ECU', 1, 3, 'BRA', '16 besar', '2023-11-20', '-', 3),
	(185, 'ESP', 2, 1, 'JPN', '16 besar', '2023-11-20', '-', 3),
	(186, 'GER', 3, 2, 'USA', '16 besar', '2023-11-21', '-', 3),
	(187, 'MLI', 5, 0, 'MEX', '16 besar', '2023-11-21', '-', 3),
	(188, 'MAR', 1, 1, 'IRN', '16 besar', '2023-11-21', '(PK: 4-1)', 3),
	(189, 'ARG', 5, 0, 'VEN', '16 besar', '2023-11-21', '-', 3),
	(190, 'ENG', 1, 2, 'UZB', '16 besar', '2023-11-21', '-', 3),
	(191, 'FRA', 0, 0, 'SEN', '16 besar', '2023-11-21', '(PK: 5-3)', 3),
	(192, 'ESP', 0, 1, 'GER', '8 besar', '2023-11-24', '-', 3),
	(193, 'BRA', 0, 3, 'ARG', '8 besar', '2023-11-24', '-', 3),
	(194, 'FRA', 1, 0, 'UZB', '8 besar', '2023-11-25', '-', 3),
	(195, 'MLI', 1, 0, 'MAR', '8 besar', '2023-11-25', '-', 3),
	(196, 'ARG', 3, 3, 'GER', 'SEMIFINAL', '2023-11-28', '(PK: 2-4)', 3),
	(197, 'FRA', 2, 1, 'MLI', 'SEMIFINAL', '2023-11-28', '-', 3),
	(198, 'ARG', 0, 3, 'MLI', 'Perebutan Juara 3', '2023-12-01', '-', 3),
	(199, 'GER', 2, 2, 'FRA', 'FINAL', '2023-12-02', '(PK: 4-3)', 3),
	(200, 'QAT', 3, 0, 'LBN', 'GRUP A', '2024-01-12', '-', 4),
	(201, 'AUS', 2, 0, 'IND', 'GRUP B', '2024-01-13', '-', 4),
	(202, 'CHN', 0, 0, 'TJK', 'GRUP A', '2024-01-13', '-', 4),
	(203, 'UZB', 0, 0, 'SYR', 'GRUP B', '2024-01-14', '-', 4),
	(204, 'JPN', 4, 2, 'VIE', 'GRUP D', '2024-01-14', '-', 4),
	(205, 'UAE', 3, 1, 'HKG', 'GRUP C', '2024-01-14', '-', 4),
	(206, 'IRN', 4, 1, 'PLE', 'GRUP C', '2024-01-15', '-', 4),
	(207, 'KOR', 3, 1, 'BHR', 'GRUP E', '2024-01-15', '-', 4),
	(208, 'IDN', 1, 3, 'IRQ', 'GRUP D', '2024-01-15', '-', 4),
	(209, 'MAS', 0, 4, 'JOR', 'GRUP E', '2024-01-16', '-', 4),
	(210, 'THA', 2, 0, 'KGZ', 'GRUP F', '2024-01-16', '-', 4),
	(211, 'KSA', 2, 1, 'OMA', 'GRUP F', '2024-01-17', '-', 4),
	(212, 'LBN', 0, 0, 'CHN', 'GRUP A', '2024-01-17', '-', 4),
	(213, 'TJK', 0, 1, 'QAT', 'GRUP A', '2024-01-17', '-', 4),
	(214, 'SYR', 0, 1, 'AUS', 'GRUP B', '2024-01-18', '-', 4),
	(215, 'IND', 0, 3, 'UZB', 'GRUP B', '2024-01-18', '-', 4),
	(216, 'PLE', 1, 1, 'UAE', 'GRUP C', '2024-01-19', '-', 4),
	(217, 'IRQ', 2, 1, 'JPN', 'GRUP D', '2024-01-19', '-', 4),
	(218, 'VIE', 0, 1, 'IDN', 'GRUP D', '2024-01-19', '-', 4),
	(219, 'HKG', 0, 1, 'IRN', 'GRUP C', '2024-01-20', '-', 4),
	(220, 'JOR', 2, 2, 'KOR', 'GRUP E', '2024-01-20', '-', 4),
	(221, 'BHR', 1, 0, 'MAS', 'GRUP E', '2024-01-20', '-', 4),
	(222, 'OMA', 0, 0, 'THA', 'GRUP F', '2024-01-21', '-', 4),
	(223, 'KGZ', 0, 2, 'KSA', 'GRUP F', '2024-01-22', '-', 4),
	(224, 'QAT', 1, 0, 'CHN', 'GRUP A', '2024-01-22', '-', 4),
	(225, 'TJK', 2, 1, 'LBN', 'GRUP A', '2024-01-22', '-', 4),
	(226, 'AUS', 1, 1, 'UZB', 'GRUP B', '2024-01-23', '-', 4),
	(227, 'SYR', 1, 0, 'IND', 'GRUP B', '2024-01-23', '-', 4),
	(228, 'IRN', 2, 1, 'UAE', 'GRUP C', '2024-01-23', '-', 4),
	(229, 'HKG', 0, 3, 'PLE', 'GRUP C', '2024-01-23', '-', 4),
	(230, 'JPN', 3, 1, 'IDN', 'GRUP D', '2024-01-24', '-', 4),
	(231, 'IRQ', 3, 2, 'VIE', 'GRUP D', '2024-01-24', '-', 4),
	(232, 'KOR', 3, 3, 'MAS', 'GRUP E', '2024-01-25', '-', 4),
	(233, 'JOR', 0, 1, 'BHR', 'GRUP E', '2024-01-25', '-', 4),
	(234, 'KSA', 0, 0, 'THA', 'GRUP F', '2024-01-25', '-', 4),
	(235, 'KGZ', 1, 1, 'OMA', 'GRUP F', '2024-01-25', '-', 4),
	(236, 'AUS', 4, 0, 'IDN', '16 besar', '2024-01-28', '-', 4),
	(237, 'TJK', 1, 1, 'UAE', '16 besar', '2024-01-28', '(PK: 5-3)', 4),
	(238, 'IRQ', 2, 3, 'JOR', '16 besar', '2024-01-29', '-', 4),
	(239, 'QAT', 2, 1, 'PLE', '16 besar', '2024-01-29', '-', 4),
	(240, 'UZB', 2, 1, 'THA', '16 besar', '2024-01-30', '-', 4),
	(241, 'KSA', 1, 1, 'KOR', '16 besar', '2024-01-30', '(PK: 2-4)', 4),
	(242, 'BHR', 1, 3, 'JPN', '16 besar', '2024-01-31', '-', 4),
	(243, 'IRN', 1, 1, 'SYR', '16 besar', '2024-01-31', '(PK: 5-3)', 4),
	(244, 'TJK', 0, 1, 'JOR', '8 besar', '2024-02-02', '-', 4),
	(245, 'AUS', 1, 1, 'KOR', '8 besar', '2024-02-02', '(ET: 1-2)', 4),
	(246, 'IRN', 2, 1, 'JPN', '8 besar', '2024-02-03', '-', 4),
	(247, 'QAT', 1, 1, 'UZB', '8 besar', '2024-02-03', '(PK: 3-2)', 4),
	(249, 'JOR', 2, 0, 'KOR', 'SEMIFINAL', '2024-02-06', '-', 4),
	(250, 'IRN', 2, 3, 'QAT', 'SEMIFINAL', '2024-02-07', '-', 4),
	(251, 'JOR', 1, 3, 'QAT', 'FINAL', '2024-02-10', '-', 4),
	(252, 'AUS', 0, 0, 'JOR', 'GRUP A', '2024-04-15', '-', 7),
	(253, 'QAT', 2, 0, 'IDN', 'GRUP A', '2024-04-15', '-', 7),
	(254, 'JPN', 1, 0, 'CHN', 'GRUP B', '2024-04-16', '-', 7),
	(255, 'KOR', 1, 0, 'UAE', 'GRUP B', '2024-04-16', '-', 7),
	(256, 'IRQ', 0, 2, 'THA', 'GRUP C', '2024-04-16', '-', 7),
	(257, 'KSA', 4, 2, 'TJK', 'GRUP C', '2024-04-17', '-', 7),
	(258, 'UZB', 2, 0, 'MAS', 'GRUP D', '2024-04-17', '-', 7),
	(259, 'VIE', 3, 1, 'KUW', 'GRUP D', '2024-04-17', '-', 7),
	(260, 'IDN', 1, 0, 'AUS', 'GRUP A', '2024-04-18', '-', 7),
	(261, 'JOR', 1, 2, 'QAT', 'GRUP A', '2024-04-18', '-', 7),
	(262, 'CHN', 0, 2, 'KOR', 'GRUP B', '2024-04-19', '-', 7),
	(263, 'THA', 0, 5, 'KSA', 'GRUP C', '2024-04-19', '-', 7),
	(264, 'UAE', 0, 2, 'JPN', 'GRUP B', '2024-04-19', '-', 7),
	(265, 'TJK', 2, 4, 'IRQ', 'GRUP C', '2024-04-20', '-', 7),
	(266, 'MAS', 0, 2, 'VIE', 'GRUP D', '2024-04-20', '-', 7),
	(267, 'KUW', 0, 5, 'UZB', 'GRUP D', '2024-04-20', '-', 7),
	(268, 'JOR', 1, 4, 'IDN', 'GRUP A', '2024-04-21', '-', 7),
	(269, 'QAT', 0, 0, 'AUS', 'GRUP A', '2024-04-21', '-', 7),
	(270, 'JPN', 0, 1, 'KOR', 'GRUP B', '2024-04-22', '-', 7),
	(271, 'UAE', 1, 2, 'CHN', 'GRUP B', '2024-04-22', '-', 7),
	(272, 'THA', 0, 1, 'TJK', 'GRUP C', '2024-04-22', '-', 7),
	(273, 'KSA', 1, 2, 'IRQ', 'GRUP C', '2024-04-22', '-', 7),
	(274, 'UZB', 3, 0, 'VIE', 'GRUP D', '2024-04-23', '-', 7),
	(275, 'KUW', 2, 1, 'MAS', 'GRUP D', '2024-04-23', '-', 7),
	(276, 'QAT', 2, 2, 'JPN', '8 besar', '2024-04-25', '(ET: 2-4)', 7),
	(277, 'KOR', 2, 2, 'IDN', '8 besar', '2024-04-26', '(PK: 10-11)', 7),
	(278, 'UZB', 2, 0, 'KSA', '8 besar', '2024-04-26', '-', 7),
	(279, 'IRQ', 1, 0, 'VIE', '8 besar', '2024-04-27', '-', 7),
	(280, 'IDN', 0, 2, 'UZB', 'SEMIFINAL', '2024-05-29', '-', 7),
	(281, 'JPN', 2, 0, 'IRQ', 'SEMIFINAL', '2024-05-30', '-', 7),
	(282, 'IRQ', 1, 1, 'IDN', 'Perebutan Juara 3', '2024-05-02', '(ET: 2-1)', 7),
	(283, 'JPN', 1, 0, 'UZB', 'FINAL', '2024-05-03', '-', 7);

-- Dumping structure for table mawl.peserta
DROP TABLE IF EXISTS `peserta`;
CREATE TABLE IF NOT EXISTS `peserta` (
  `id` int NOT NULL AUTO_INCREMENT,
  `event_id` int NOT NULL DEFAULT '0',
  `negara_id` int NOT NULL,
  `grup` char(3) COLLATE utf8mb3_unicode_ci NOT NULL,
  PRIMARY KEY (`id`)
) ENGINE=InnoDB DEFAULT CHARSET=utf8mb3 COLLATE=utf8mb3_unicode_ci;

-- Dumping data for table mawl.peserta: ~133 rows (approximately)
INSERT INTO `peserta` (`id`, `event_id`, `negara_id`, `grup`) VALUES
	(1, 1, 9, 'C'),
	(2, 1, 16, 'D'),
	(3, 1, 23, 'F'),
	(4, 1, 27, 'G'),
	(5, 1, 24, 'F'),
	(6, 1, 26, 'G'),
	(7, 1, 20, 'E'),
	(8, 1, 22, 'F'),
	(9, 1, 13, 'D'),
	(10, 1, 2, 'A'),
	(11, 1, 5, 'B'),
	(12, 1, 19, 'E'),
	(13, 1, 15, 'D'),
	(14, 1, 17, 'E'),
	(15, 1, 32, 'H'),
	(16, 1, 6, 'B'),
	(17, 1, 18, 'E'),
	(18, 1, 30, 'H'),
	(19, 1, 10, 'C'),
	(20, 1, 21, 'F'),
	(21, 1, 11, 'C'),
	(22, 1, 4, 'A'),
	(23, 1, 12, 'C'),
	(24, 1, 31, 'H'),
	(25, 1, 1, 'A'),
	(26, 1, 3, 'A'),
	(27, 1, 28, 'G'),
	(28, 1, 25, 'G'),
	(29, 1, 14, 'D'),
	(30, 1, 29, 'H'),
	(31, 1, 7, 'B'),
	(32, 1, 8, 'B'),
	(33, 2, 33, 'A'),
	(34, 2, 34, 'A'),
	(35, 2, 35, 'A'),
	(36, 2, 36, 'A'),
	(37, 2, 37, 'A'),
	(38, 2, 38, 'B'),
	(39, 2, 39, 'B'),
	(40, 2, 40, 'B'),
	(41, 2, 41, 'B'),
	(42, 2, 42, 'B'),
	(43, 5, 43, 'A'),
	(44, 5, 44, 'A'),
	(45, 5, 45, 'A'),
	(46, 5, 35, 'A'),
	(47, 5, 42, 'B'),
	(48, 5, 6, 'B'),
	(49, 5, 1, 'B'),
	(50, 5, 16, 'B'),
	(51, 5, 30, 'C'),
	(52, 5, 46, 'C'),
	(53, 5, 47, 'C'),
	(54, 5, 48, 'C'),
	(55, 5, 10, 'D'),
	(56, 5, 18, 'D'),
	(57, 5, 49, 'D'),
	(58, 5, 50, 'D'),
	(59, 6, 35, 'A'),
	(60, 6, 40, 'A'),
	(61, 6, 34, 'A'),
	(62, 6, 67, 'A'),
	(63, 6, 36, 'A'),
	(64, 6, 37, 'B'),
	(65, 6, 42, 'B'),
	(66, 6, 39, 'B'),
	(67, 6, 38, 'B'),
	(68, 6, 41, 'B'),
	(69, 3, 2, 'A'),
	(70, 3, 21, 'A'),
	(71, 3, 35, 'A'),
	(72, 3, 62, 'A'),
	(73, 3, 19, 'B'),
	(74, 3, 63, 'B'),
	(75, 3, 43, 'B'),
	(76, 3, 24, 'B'),
	(77, 3, 5, 'C'),
	(78, 3, 6, 'C'),
	(79, 3, 27, 'C'),
	(80, 3, 64, 'C'),
	(81, 3, 3, 'D'),
	(82, 3, 18, 'D'),
	(83, 3, 9, 'D'),
	(84, 3, 12, 'D'),
	(85, 3, 15, 'E'),
	(86, 3, 7, 'E'),
	(87, 3, 30, 'E'),
	(88, 3, 65, 'E'),
	(89, 3, 66, 'F'),
	(90, 3, 17, 'F'),
	(91, 3, 11, 'F'),
	(92, 3, 58, 'F'),
	(109, 4, 1, 'A'),
	(110, 4, 49, 'A'),
	(111, 4, 46, 'A'),
	(112, 4, 70, 'A'),
	(113, 4, 16, 'B'),
	(114, 4, 43, 'B'),
	(115, 4, 45, 'B'),
	(116, 4, 71, 'B'),
	(117, 4, 6, 'C'),
	(118, 4, 68, 'C'),
	(119, 4, 72, 'C'),
	(120, 4, 73, 'C'),
	(121, 4, 18, 'D'),
	(122, 4, 35, 'D'),
	(123, 4, 44, 'D'),
	(124, 4, 42, 'D'),
	(125, 4, 30, 'E'),
	(126, 4, 39, 'E'),
	(127, 4, 47, 'E'),
	(128, 4, 74, 'E'),
	(129, 4, 10, 'F'),
	(130, 4, 37, 'F'),
	(131, 4, 50, 'F'),
	(132, 4, 48, 'F'),
	(133, 7, 1, 'A'),
	(134, 7, 16, 'A'),
	(135, 7, 47, 'A'),
	(136, 7, 35, 'A'),
	(137, 7, 18, 'B'),
	(138, 7, 30, 'B'),
	(139, 7, 68, 'B'),
	(140, 7, 49, 'B'),
	(141, 7, 10, 'C'),
	(142, 7, 44, 'C'),
	(143, 7, 37, 'C'),
	(144, 7, 46, 'C'),
	(145, 7, 43, 'D'),
	(146, 7, 42, 'D'),
	(147, 7, 69, 'D'),
	(148, 7, 39, 'D');

-- Dumping structure for table mawl.proform
DROP TABLE IF EXISTS `proform`;
CREATE TABLE IF NOT EXISTS `proform` (
  `id` int NOT NULL AUTO_INCREMENT,
  `deadline` date DEFAULT NULL,
  `nama_pesanan` varchar(255) COLLATE utf8mb4_general_ci DEFAULT NULL,
  `jumlah` int DEFAULT NULL,
  `deadline_penyelesaian` date DEFAULT NULL,
  `status` decimal(10,2) DEFAULT NULL,
  PRIMARY KEY (`id`)
) ENGINE=InnoDB DEFAULT CHARSET=utf8mb4 COLLATE=utf8mb4_general_ci;

-- Dumping data for table mawl.proform: ~3 rows (approximately)
INSERT INTO `proform` (`id`, `deadline`, `nama_pesanan`, `jumlah`, `deadline_penyelesaian`, `status`) VALUES
	(1, '2022-05-08', 'halnisah', 1000, '2022-05-10', 70.00),
	(2, '2022-05-10', 'galvi', 1500, '2022-05-13', 80.00),
	(4, '2022-07-28', 'testing', 30, '2022-07-30', 50.00);

-- Dumping structure for table mawl.stoplist
DROP TABLE IF EXISTS `stoplist`;
CREATE TABLE IF NOT EXISTS `stoplist` (
  `id` int NOT NULL AUTO_INCREMENT,
  `kata` varchar(50) NOT NULL,
  PRIMARY KEY (`id`),
  UNIQUE KEY `kata` (`kata`)
) ENGINE=InnoDB DEFAULT CHARSET=latin1;

-- Dumping data for table mawl.stoplist: ~757 rows (approximately)
INSERT INTO `stoplist` (`id`, `kata`) VALUES
	(6, 'ada'),
	(7, 'adalah'),
	(8, 'adanya'),
	(9, 'adapun'),
	(10, 'agak'),
	(11, 'agaknya'),
	(12, 'agar'),
	(13, 'akan'),
	(14, 'akankah'),
	(15, 'akhir'),
	(16, 'akhiri'),
	(17, 'akhirnya'),
	(18, 'aku'),
	(19, 'akulah'),
	(20, 'amat'),
	(21, 'amatlah'),
	(22, 'anda'),
	(23, 'andalah'),
	(24, 'antar'),
	(25, 'antara'),
	(26, 'antaranya'),
	(27, 'apa'),
	(28, 'apaan'),
	(29, 'apabila'),
	(30, 'apakah'),
	(31, 'apalagi'),
	(32, 'apatah'),
	(33, 'artinya'),
	(34, 'asal'),
	(35, 'asalkan'),
	(36, 'atas'),
	(37, 'atau'),
	(38, 'ataukah'),
	(39, 'ataupun'),
	(40, 'awal'),
	(41, 'awalnya'),
	(42, 'bagai'),
	(43, 'bagaikan'),
	(44, 'bagaimana'),
	(45, 'bagaimanakah'),
	(46, 'bagaimanapun'),
	(47, 'bagi'),
	(48, 'bagian'),
	(49, 'bahkan'),
	(50, 'bahwa'),
	(51, 'bahwasanya'),
	(52, 'baik'),
	(53, 'bakal'),
	(54, 'bakalan'),
	(55, 'balik'),
	(56, 'banyak'),
	(57, 'bapak'),
	(58, 'baru'),
	(59, 'bawah'),
	(60, 'beberapa'),
	(61, 'begini'),
	(62, 'beginian'),
	(63, 'beginikah'),
	(64, 'beginilah'),
	(65, 'begitu'),
	(66, 'begitukah'),
	(67, 'begitulah'),
	(68, 'begitupun'),
	(69, 'bekerja'),
	(70, 'belakang'),
	(71, 'belakangan'),
	(72, 'belum'),
	(73, 'belumlah'),
	(74, 'benar'),
	(75, 'benarkah'),
	(76, 'benarlah'),
	(77, 'berada'),
	(78, 'berakhir'),
	(79, 'berakhirlah'),
	(80, 'berakhirnya'),
	(81, 'berapa'),
	(82, 'berapakah'),
	(83, 'berapalah'),
	(84, 'berapapun'),
	(85, 'berarti'),
	(86, 'berawal'),
	(87, 'berbagai'),
	(88, 'berdatangan'),
	(89, 'beri'),
	(90, 'berikan'),
	(91, 'berikut'),
	(92, 'berikutnya'),
	(93, 'berjumlah'),
	(94, 'berkali-kali'),
	(95, 'berkata'),
	(96, 'berkehendak'),
	(97, 'berkeinginan'),
	(98, 'berkenaan'),
	(99, 'berlainan'),
	(100, 'berlalu'),
	(101, 'berlangsung'),
	(102, 'berlebihan'),
	(103, 'bermacam'),
	(104, 'bermacam-macam'),
	(105, 'bermaksud'),
	(106, 'bermula'),
	(107, 'bersama'),
	(108, 'bersama-sama'),
	(109, 'bersiap'),
	(110, 'bersiap-siap'),
	(111, 'bertanya'),
	(112, 'bertanya-tanya'),
	(113, 'berturut'),
	(114, 'berturut-turut'),
	(115, 'bertutur'),
	(116, 'berujar'),
	(117, 'berupa'),
	(118, 'besar'),
	(119, 'betul'),
	(120, 'betulkah'),
	(121, 'biasa'),
	(122, 'biasanya'),
	(123, 'bila'),
	(124, 'bilakah'),
	(125, 'bisa'),
	(126, 'bisakah'),
	(127, 'boleh'),
	(128, 'bolehkah'),
	(129, 'bolehlah'),
	(130, 'buat'),
	(131, 'bukan'),
	(132, 'bukankah'),
	(133, 'bukanlah'),
	(134, 'bukannya'),
	(135, 'bulan'),
	(136, 'bung'),
	(137, 'cara'),
	(138, 'caranya'),
	(139, 'cukup'),
	(140, 'cukupkah'),
	(141, 'cukuplah'),
	(142, 'cuma'),
	(143, 'dahulu'),
	(144, 'dalam'),
	(145, 'dan'),
	(146, 'dapat'),
	(147, 'dari'),
	(148, 'daripada'),
	(149, 'datang'),
	(150, 'dekat'),
	(151, 'demi'),
	(152, 'demikian'),
	(153, 'demikianlah'),
	(154, 'dengan'),
	(155, 'depan'),
	(156, 'di'),
	(157, 'dia'),
	(158, 'diakhiri'),
	(159, 'diakhirinya'),
	(160, 'dialah'),
	(161, 'diantara'),
	(162, 'diantaranya'),
	(163, 'diberi'),
	(164, 'diberikan'),
	(165, 'diberikannya'),
	(166, 'dibuat'),
	(167, 'dibuatnya'),
	(168, 'didapat'),
	(169, 'didatangkan'),
	(170, 'digunakan'),
	(171, 'diibaratkan'),
	(172, 'diibaratkannya'),
	(173, 'diingat'),
	(174, 'diingatkan'),
	(175, 'diinginkan'),
	(176, 'dijawab'),
	(177, 'dijelaskan'),
	(178, 'dijelaskannya'),
	(179, 'dikarenakan'),
	(180, 'dikatakan'),
	(181, 'dikatakannya'),
	(182, 'dikerjakan'),
	(183, 'diketahui'),
	(184, 'diketahuinya'),
	(185, 'dikira'),
	(186, 'dilakukan'),
	(187, 'dilalui'),
	(188, 'dilihat'),
	(189, 'dimaksud'),
	(190, 'dimaksudkan'),
	(191, 'dimaksudkannya'),
	(192, 'dimaksudnya'),
	(193, 'diminta'),
	(194, 'dimintai'),
	(195, 'dimisalkan'),
	(196, 'dimulai'),
	(197, 'dimulailah'),
	(198, 'dimulainya'),
	(199, 'dimungkinkan'),
	(200, 'dini'),
	(201, 'dipastikan'),
	(202, 'diperbuat'),
	(203, 'diperbuatnya'),
	(204, 'dipergunakan'),
	(205, 'diperkirakan'),
	(206, 'diperlihatkan'),
	(207, 'diperlukan'),
	(208, 'diperlukannya'),
	(209, 'dipersoalkan'),
	(210, 'dipertanyakan'),
	(211, 'dipunyai'),
	(212, 'diri'),
	(213, 'dirinya'),
	(214, 'disampaikan'),
	(215, 'disebut'),
	(216, 'disebutkan'),
	(217, 'disebutkannya'),
	(218, 'disini'),
	(219, 'disinilah'),
	(220, 'ditambahkan'),
	(221, 'ditandaskan'),
	(222, 'ditanya'),
	(223, 'ditanyai'),
	(224, 'ditanyakan'),
	(225, 'ditegaskan'),
	(226, 'ditujukan'),
	(227, 'ditunjuk'),
	(228, 'ditunjuki'),
	(229, 'ditunjukkan'),
	(230, 'ditunjukkannya'),
	(231, 'ditunjuknya'),
	(232, 'dituturkan'),
	(233, 'dituturkannya'),
	(234, 'diucapkan'),
	(235, 'diucapkannya'),
	(236, 'diungkapkan'),
	(237, 'dong'),
	(238, 'dua'),
	(239, 'dulu'),
	(240, 'empat'),
	(241, 'enggak'),
	(242, 'enggaknya'),
	(243, 'entah'),
	(244, 'entahlah'),
	(245, 'guna'),
	(246, 'gunakan'),
	(247, 'hal'),
	(248, 'hampir'),
	(249, 'hanya'),
	(250, 'hanyalah'),
	(251, 'hari'),
	(252, 'harus'),
	(253, 'haruslah'),
	(254, 'harusnya'),
	(255, 'hendak'),
	(256, 'hendaklah'),
	(257, 'hendaknya'),
	(258, 'hingga'),
	(259, 'ia'),
	(260, 'ialah'),
	(261, 'ibarat'),
	(262, 'ibaratkan'),
	(263, 'ibaratnya'),
	(264, 'ibu'),
	(265, 'ikut'),
	(266, 'ingat'),
	(267, 'ingat-ingat'),
	(268, 'ingin'),
	(269, 'inginkah'),
	(270, 'inginkan'),
	(271, 'ini'),
	(272, 'inikah'),
	(273, 'inilah'),
	(274, 'itu'),
	(275, 'itukah'),
	(276, 'itulah'),
	(277, 'jadi'),
	(278, 'jadilah'),
	(279, 'jadinya'),
	(280, 'jangan'),
	(281, 'jangankan'),
	(282, 'janganlah'),
	(283, 'jauh'),
	(284, 'jawab'),
	(285, 'jawaban'),
	(286, 'jawabnya'),
	(287, 'jelas'),
	(288, 'jelaskan'),
	(289, 'jelaslah'),
	(290, 'jelasnya'),
	(291, 'jika'),
	(292, 'jikalau'),
	(293, 'juga'),
	(294, 'jumlah'),
	(295, 'jumlahnya'),
	(296, 'justru'),
	(297, 'kala'),
	(298, 'kalau'),
	(299, 'kalaulah'),
	(300, 'kalaupun'),
	(301, 'kalian'),
	(302, 'kami'),
	(303, 'kamilah'),
	(304, 'kamu'),
	(305, 'kamulah'),
	(306, 'kan'),
	(307, 'kapan'),
	(308, 'kapankah'),
	(309, 'kapanpun'),
	(310, 'karena'),
	(311, 'karenanya'),
	(312, 'kasus'),
	(313, 'kata'),
	(314, 'katakan'),
	(315, 'katakanlah'),
	(316, 'katanya'),
	(317, 'ke'),
	(318, 'keadaan'),
	(319, 'kebetulan'),
	(320, 'kecil'),
	(321, 'kedua'),
	(322, 'keduanya'),
	(323, 'keinginan'),
	(324, 'kelamaan'),
	(325, 'kelihatan'),
	(326, 'kelihatannya'),
	(327, 'kelima'),
	(328, 'keluar'),
	(329, 'kembali'),
	(330, 'kemudian'),
	(331, 'kemungkinan'),
	(332, 'kemungkinannya'),
	(333, 'kenapa'),
	(334, 'kepada'),
	(335, 'kepadanya'),
	(336, 'kesampaian'),
	(337, 'keseluruhan'),
	(338, 'keseluruhannya'),
	(339, 'keterlaluan'),
	(340, 'ketika'),
	(341, 'khususnya'),
	(342, 'kini'),
	(343, 'kinilah'),
	(344, 'kira'),
	(345, 'kira-kira'),
	(346, 'kiranya'),
	(347, 'kita'),
	(348, 'kitalah'),
	(349, 'kok'),
	(350, 'kurang'),
	(351, 'lagi'),
	(352, 'lagian'),
	(353, 'lah'),
	(354, 'lain'),
	(355, 'lainnya'),
	(356, 'lalu'),
	(357, 'lama'),
	(358, 'lamanya'),
	(359, 'lanjut'),
	(360, 'lanjutnya'),
	(361, 'lebih'),
	(362, 'lewat'),
	(363, 'lima'),
	(364, 'luar'),
	(365, 'macam'),
	(366, 'maka'),
	(367, 'makanya'),
	(368, 'makin'),
	(369, 'malah'),
	(370, 'malahan'),
	(371, 'mampu'),
	(372, 'mampukah'),
	(373, 'mana'),
	(374, 'manakala'),
	(375, 'manalagi'),
	(376, 'masa'),
	(377, 'masalah'),
	(378, 'masalahnya'),
	(379, 'masih'),
	(380, 'masihkah'),
	(381, 'masing'),
	(382, 'masing-masing'),
	(383, 'mau'),
	(384, 'maupun'),
	(385, 'melainkan'),
	(386, 'melakukan'),
	(387, 'melalui'),
	(388, 'melihat'),
	(389, 'melihatnya'),
	(390, 'memang'),
	(391, 'memastikan'),
	(392, 'memberi'),
	(393, 'memberikan'),
	(394, 'membuat'),
	(395, 'memerlukan'),
	(396, 'memihak'),
	(397, 'meminta'),
	(398, 'memintakan'),
	(399, 'memisalkan'),
	(400, 'memperbuat'),
	(401, 'mempergunakan'),
	(402, 'memperkirakan'),
	(403, 'memperlihatkan'),
	(404, 'mempersiapkan'),
	(405, 'mempersoalkan'),
	(406, 'mempertanyakan'),
	(407, 'mempunyai'),
	(408, 'memulai'),
	(409, 'memungkinkan'),
	(410, 'menaiki'),
	(411, 'menambahkan'),
	(412, 'menandaskan'),
	(413, 'menanti'),
	(414, 'menanti-nanti'),
	(415, 'menantikan'),
	(416, 'menanya'),
	(417, 'menanyai'),
	(418, 'menanyakan'),
	(419, 'mendapat'),
	(420, 'mendapatkan'),
	(421, 'mendatang'),
	(422, 'mendatangi'),
	(423, 'mendatangkan'),
	(424, 'menegaskan'),
	(425, 'mengakhiri'),
	(426, 'mengapa'),
	(427, 'mengatakan'),
	(428, 'mengatakannya'),
	(429, 'mengenai'),
	(430, 'mengerjakan'),
	(431, 'mengetahui'),
	(432, 'menggunakan'),
	(433, 'menghendaki'),
	(434, 'mengibaratkan'),
	(435, 'mengibaratkannya'),
	(436, 'mengingat'),
	(437, 'mengingatkan'),
	(438, 'menginginkan'),
	(439, 'mengira'),
	(440, 'mengucapkan'),
	(441, 'mengucapkannya'),
	(442, 'mengungkapkan'),
	(443, 'menjadi'),
	(444, 'menjawab'),
	(445, 'menjelaskan'),
	(446, 'menuju'),
	(447, 'menunjuk'),
	(448, 'menunjuki'),
	(449, 'menunjukkan'),
	(450, 'menunjuknya'),
	(451, 'menurut'),
	(452, 'menuturkan'),
	(453, 'menyampaikan'),
	(454, 'menyangkut'),
	(455, 'menyatakan'),
	(456, 'menyebutkan'),
	(457, 'menyeluruh'),
	(458, 'menyiapkan'),
	(459, 'merasa'),
	(460, 'mereka'),
	(461, 'merekalah'),
	(462, 'merupakan'),
	(463, 'meski'),
	(464, 'meskipun'),
	(465, 'meyakini'),
	(466, 'meyakinkan'),
	(467, 'minta'),
	(468, 'mirip'),
	(469, 'misal'),
	(470, 'misalkan'),
	(471, 'misalnya'),
	(472, 'mula'),
	(473, 'mulai'),
	(474, 'mulailah'),
	(475, 'mulanya'),
	(476, 'mungkin'),
	(477, 'mungkinkah'),
	(478, 'nah'),
	(479, 'naik'),
	(480, 'namun'),
	(481, 'nanti'),
	(482, 'nantinya'),
	(483, 'nyaris'),
	(484, 'nyatanya'),
	(485, 'oleh'),
	(486, 'olehnya'),
	(487, 'pada'),
	(488, 'padahal'),
	(489, 'padanya'),
	(490, 'pak'),
	(491, 'paling'),
	(492, 'panjang'),
	(493, 'pantas'),
	(494, 'para'),
	(495, 'pasti'),
	(496, 'pastilah'),
	(497, 'penting'),
	(498, 'pentingnya'),
	(499, 'per'),
	(500, 'percuma'),
	(501, 'perlu'),
	(502, 'perlukah'),
	(503, 'perlunya'),
	(504, 'pernah'),
	(505, 'persoalan'),
	(506, 'pertama'),
	(507, 'pertama-tama'),
	(508, 'pertanyaan'),
	(509, 'pertanyakan'),
	(510, 'pihak'),
	(511, 'pihaknya'),
	(512, 'pukul'),
	(513, 'pula'),
	(514, 'pun'),
	(515, 'punya'),
	(516, 'rasa'),
	(517, 'rasanya'),
	(518, 'rata'),
	(519, 'rupanya'),
	(520, 'saat'),
	(521, 'saatnya'),
	(522, 'saja'),
	(523, 'sajalah'),
	(524, 'saling'),
	(525, 'sama'),
	(526, 'sama-sama'),
	(527, 'sambil'),
	(528, 'sampai'),
	(529, 'sampai-sampai'),
	(530, 'sampaikan'),
	(531, 'sana'),
	(532, 'sangat'),
	(533, 'sangatlah'),
	(534, 'satu'),
	(535, 'saya'),
	(536, 'sayalah'),
	(537, 'se'),
	(538, 'sebab'),
	(539, 'sebabnya'),
	(540, 'sebagai'),
	(541, 'sebagaimana'),
	(542, 'sebagainya'),
	(543, 'sebagian'),
	(544, 'sebaik'),
	(545, 'sebaik-baiknya'),
	(546, 'sebaiknya'),
	(547, 'sebaliknya'),
	(548, 'sebanyak'),
	(549, 'sebegini'),
	(550, 'sebegitu'),
	(551, 'sebelum'),
	(552, 'sebelumnya'),
	(553, 'sebenarnya'),
	(554, 'seberapa'),
	(555, 'sebesar'),
	(556, 'sebetulnya'),
	(557, 'sebisanya'),
	(558, 'sebuah'),
	(559, 'sebut'),
	(560, 'sebutlah'),
	(561, 'sebutnya'),
	(562, 'secara'),
	(563, 'secukupnya'),
	(564, 'sedang'),
	(565, 'sedangkan'),
	(566, 'sedemikian'),
	(567, 'sedikit'),
	(568, 'sedikitnya'),
	(569, 'seenaknya'),
	(570, 'segala'),
	(571, 'segalanya'),
	(572, 'segera'),
	(573, 'seharusnya'),
	(574, 'sehingga'),
	(575, 'seingat'),
	(576, 'sejak'),
	(577, 'sejauh'),
	(578, 'sejenak'),
	(579, 'sejumlah'),
	(580, 'sekadar'),
	(581, 'sekadarnya'),
	(582, 'sekali'),
	(583, 'sekali-kali'),
	(584, 'sekalian'),
	(585, 'sekaligus'),
	(586, 'sekalipun'),
	(587, 'sekarang'),
	(589, 'sekecil'),
	(590, 'seketika'),
	(591, 'sekiranya'),
	(592, 'sekitar'),
	(593, 'sekitarnya'),
	(594, 'sekurang-kurangnya'),
	(595, 'sekurangnya'),
	(596, 'sela'),
	(597, 'selain'),
	(598, 'selaku'),
	(599, 'selalu'),
	(600, 'selama'),
	(601, 'selama-lamanya'),
	(602, 'selamanya'),
	(603, 'selanjutnya'),
	(604, 'seluruh'),
	(605, 'seluruhnya'),
	(606, 'semacam'),
	(607, 'semakin'),
	(608, 'semampu'),
	(609, 'semampunya'),
	(610, 'semasa'),
	(611, 'semasih'),
	(612, 'semata'),
	(613, 'semata-mata'),
	(614, 'semaunya'),
	(615, 'sementara'),
	(616, 'semisal'),
	(617, 'semisalnya'),
	(618, 'sempat'),
	(619, 'semua'),
	(620, 'semuanya'),
	(621, 'semula'),
	(622, 'sendiri'),
	(623, 'sendirian'),
	(624, 'sendirinya'),
	(625, 'seolah'),
	(626, 'seolah-olah'),
	(627, 'seorang'),
	(628, 'sepanjang'),
	(629, 'sepantasnya'),
	(630, 'sepantasnyalah'),
	(631, 'seperlunya'),
	(632, 'seperti'),
	(633, 'sepertinya'),
	(634, 'sepihak'),
	(635, 'sering'),
	(636, 'seringnya'),
	(637, 'serta'),
	(638, 'serupa'),
	(639, 'sesaat'),
	(640, 'sesama'),
	(641, 'sesampai'),
	(642, 'sesegera'),
	(643, 'sesekali'),
	(644, 'seseorang'),
	(645, 'sesuatu'),
	(646, 'sesuatunya'),
	(647, 'sesudah'),
	(648, 'sesudahnya'),
	(649, 'setelah'),
	(650, 'setempat'),
	(651, 'setengah'),
	(652, 'seterusnya'),
	(653, 'setiap'),
	(654, 'setiba'),
	(655, 'setibanya'),
	(657, 'setidak-tidaknya'),
	(656, 'setidaknya'),
	(658, 'setinggi'),
	(659, 'seusai'),
	(660, 'sewaktu'),
	(661, 'siap'),
	(662, 'siapa'),
	(663, 'siapakah'),
	(664, 'siapapun'),
	(665, 'sini'),
	(666, 'sinilah'),
	(667, 'soal'),
	(668, 'soalnya'),
	(669, 'suatu'),
	(670, 'sudah'),
	(671, 'sudahkah'),
	(672, 'sudahlah'),
	(673, 'supaya'),
	(674, 'tadi'),
	(675, 'tadinya'),
	(676, 'tahu'),
	(677, 'tahun'),
	(678, 'tak'),
	(679, 'tambah'),
	(680, 'tambahnya'),
	(681, 'tampak'),
	(682, 'tampaknya'),
	(683, 'tandas'),
	(684, 'tandasnya'),
	(685, 'tanpa'),
	(686, 'tanya'),
	(687, 'tanyakan'),
	(688, 'tanyanya'),
	(689, 'tapi'),
	(690, 'tegas'),
	(691, 'tegasnya'),
	(692, 'telah'),
	(693, 'tempat'),
	(694, 'tengah'),
	(695, 'tentang'),
	(696, 'tentu'),
	(697, 'tentulah'),
	(698, 'tentunya'),
	(699, 'tepat'),
	(700, 'terakhir'),
	(701, 'terasa'),
	(702, 'terbanyak'),
	(703, 'terdahulu'),
	(704, 'terdapat'),
	(705, 'terdiri'),
	(706, 'terhadap'),
	(707, 'terhadapnya'),
	(708, 'teringat'),
	(709, 'teringat-ingat'),
	(710, 'terjadi'),
	(711, 'terjadilah'),
	(712, 'terjadinya'),
	(713, 'terkira'),
	(714, 'terlalu'),
	(715, 'terlebih'),
	(716, 'terlihat'),
	(717, 'termasuk'),
	(718, 'ternyata'),
	(719, 'tersampaikan'),
	(720, 'tersebut'),
	(721, 'tersebutlah'),
	(722, 'tertentu'),
	(723, 'tertuju'),
	(724, 'terus'),
	(725, 'terutama'),
	(726, 'tetap'),
	(727, 'tetapi'),
	(728, 'tiap'),
	(729, 'tiba'),
	(730, 'tiba-tiba'),
	(731, 'tidak'),
	(732, 'tidakkah'),
	(733, 'tidaklah'),
	(734, 'tiga'),
	(735, 'tinggi'),
	(736, 'toh'),
	(737, 'tunjuk'),
	(738, 'turut'),
	(739, 'tutur'),
	(740, 'tuturnya'),
	(741, 'ucap'),
	(742, 'ucapnya'),
	(743, 'ujar'),
	(744, 'ujarnya'),
	(745, 'umum'),
	(746, 'umumnya'),
	(747, 'ungkap'),
	(748, 'ungkapnya'),
	(749, 'untuk'),
	(750, 'usah'),
	(751, 'usai'),
	(752, 'waduh'),
	(753, 'wah'),
	(754, 'wahai'),
	(755, 'waktu'),
	(756, 'waktunya'),
	(757, 'walau'),
	(758, 'walaupun'),
	(759, 'wong'),
	(760, 'yaitu'),
	(761, 'yakin'),
	(762, 'yakni'),
	(763, 'yang');

-- Dumping structure for table mawl.tblanime
DROP TABLE IF EXISTS `tblanime`;
CREATE TABLE IF NOT EXISTS `tblanime` (
  `id` int NOT NULL AUTO_INCREMENT,
  `judul` varchar(200) NOT NULL,
  `season` tinyint(1) NOT NULL DEFAULT '0',
  `tahun` int NOT NULL DEFAULT '0',
  `status` tinyint(1) NOT NULL DEFAULT '0',
  `foto` varchar(200) DEFAULT NULL,
  `catatan` varchar(200) DEFAULT NULL,
  `platform` enum('Muse (Youtube)','Ani-One (Youtube)','iQIYI','Bilibili','Neonime','Lainnya') DEFAULT 'Lainnya',
  `last_view_eps` int DEFAULT '0',
  `total_eps` int DEFAULT '0',
  `user_id` int DEFAULT NULL,
  `created_at` datetime DEFAULT CURRENT_TIMESTAMP,
  `updated_at` datetime DEFAULT CURRENT_TIMESTAMP ON UPDATE CURRENT_TIMESTAMP,
  `hari` int DEFAULT '0',
  `pukul` varchar(20) DEFAULT NULL,
  PRIMARY KEY (`id`)
) ENGINE=InnoDB DEFAULT CHARSET=latin1;

-- Dumping data for table mawl.tblanime: ~211 rows (approximately)
INSERT INTO `tblanime` (`id`, `judul`, `season`, `tahun`, `status`, `foto`, `catatan`, `platform`, `last_view_eps`, `total_eps`, `user_id`, `created_at`, `updated_at`, `hari`, `pukul`) VALUES
	(1, 'Mushoku Tensei: Isekai Ittara Honki Dasu 2nd Season', 4, 2021, 2, 'https://cdn.myanimelist.net/images/anime/1311/117222.jpg', 'Drama, Fantasy, Ecchi (12 Eps)\r\nMinggu 23.00', 'Muse (Youtube)', 12, 12, 1, '2021-09-17 13:35:21', '2021-12-20 13:54:57', 0, '00:00:00'),
	(2, 'Komi-san wa, Comyushou desu', 4, 2021, 2, 'https://cdn.myanimelist.net/images/anime/1899/117237.jpg', 'Comedy, Slice of Life, School.\r\nS2 Spring 2022 FIX', 'Lainnya', 12, 12, 1, '2021-09-17 13:47:28', '2021-12-30 14:02:08', 0, '00:00:00'),
	(3, 'Sekai Saikou no Ansatsusha, Isekai Kizoku ni Tensei suru', 4, 2021, 2, 'https://cdn.myanimelist.net/images/anime/1928/117620.jpg', 'Action, Fantasy (Author: Redo of Healer/ Kaifuku Jutsushi Yarinaoshi)', 'Muse (Youtube)', 12, 12, 1, '2021-09-17 13:49:05', '2021-12-22 15:47:24', 0, '00:00:00'),
	(4, 'Takt Op. Destiny', 4, 2021, 2, 'https://cdn.myanimelist.net/images/anime/1598/117528.jpg', 'Action, Fantasy, Music', 'Ani-One (Youtube)', 12, 12, 1, '2021-09-17 13:50:48', '2021-12-22 00:21:53', 0, '00:00:00'),
	(5, 'Senpai ga Uzai Kouhai no Hanashi', 4, 2021, 2, 'https://otakotaku.com/asset/img/anime/2021/08/senpai-ga-uzai-kouhai-no-hanashi-6113b9c495088p.jpg', 'Comedy, Romance, Slice of Life', 'iQIYI', 12, 12, 1, '2021-09-17 13:52:23', '2021-12-26 02:58:34', 0, '00:00:00'),
	(6, 'Dolls\' Frontline', 1, 2022, 2, 'https://cdn.myanimelist.net/images/anime/1783/118956.jpg', 'Action, Drama, Sci-Fi, Military (Adaptasi Game Girls\' Frontline)', 'Muse (Youtube)', 12, 12, 1, '2021-09-17 13:54:06', '2022-03-26 01:30:52', 6, '00:00:00'),
	(7, 'Kaginado', 4, 2021, 2, 'https://cdn.myanimelist.net/images/anime/1724/114487.jpg', 'Comedy, Slice of Life (Cross Over berbentuk Chibi Karakter dari anime Kanon, Kanon (2006), Air, Clannad, Little Busters!, Rewrite, Planetarian, dll )\r\n\r\nS2 Spring 2022 FIX', 'Muse (Youtube)', 12, 12, 1, '2021-09-17 14:00:15', '2021-12-30 13:58:17', 0, '00:00:00'),
	(8, 'Mieruko-chan', 4, 2021, 2, 'https://cdn.myanimelist.net/images/anime/1277/117155.jpg', 'Comedy, Horror, Supernatural\r\nMinggu 21.00', 'Muse (Youtube)', 12, 12, 1, '2021-09-17 14:01:28', '2021-12-19 23:20:32', 0, '00:00:00'),
	(9, 'Shinka no Mi: Shiranai Uchi ni Kachigumi Jinsei', 4, 2021, 2, 'https://cdn.myanimelist.net/images/anime/1537/117590.jpg', 'Adventure, Fantasy, Romance (Buah Evolusi)', 'Ani-One (Youtube)', 12, 12, 1, '2021-09-17 14:03:07', '2021-12-21 07:28:03', 0, '00:00:00'),
	(10, 'Yakunara Mug Cup mo: Niban Gama (S2)', 4, 2021, 2, 'https://cdn.myanimelist.net/images/anime/1541/118798.jpg', 'Slice of Life, School', 'Ani-One (Youtube)', 12, 12, 1, '2021-09-17 14:04:51', '2022-06-18 08:24:27', 0, '00:00:00'),
	(11, 'Shin no Nakama ja Nai to Yuusha no Party wo Oidasareta node, Henkyou de Slow Life suru Koto ni Shimashita', 4, 2021, 2, 'https://otakotaku.com/asset/img/anime/2021/05/shin-no-nakama-ja-nai-to-yuusha-no-party-wo-oidasareta-node-henkyou-de-slow-life-suru-koto-ni-shima-60a6725d9f38ap.jpg', 'Adventure, Fantasy, Slice of Life', 'Bilibili', 13, 13, 1, '2021-09-17 14:06:19', '2021-12-30 13:54:52', 0, '00:00:00'),
	(13, 'Shaman King', 2, 2021, 0, 'https://otakotaku.com/asset/img/anime/2021/03/shaman-king-2021-6040983a9a212p.jpg', 'Action, Adventure, Comedy, Supernatural, Super Power, Shounen', 'Lainnya', 43, 52, 1, '2021-09-20 03:35:56', '2022-10-09 03:46:03', 0, '00:00:00'),
	(14, 'Jahy-sama wa Kujikenai!', 3, 2021, 2, 'https://otakotaku.com/asset/img/anime/2021/05/jahy-sama-wa-kujikenai-609e5ea9f071bp.jpg', 'Comedy, Supranatural', 'Lainnya', 20, 20, 1, '2021-09-20 03:36:30', '2021-12-19 01:40:20', 0, '00:00:00'),
	(15, 'Love Live! Superstar!!', 3, 2021, 2, 'https://cdn.myanimelist.net/images/anime/1758/115692.jpg', 'Slice of Life, Music, School', 'Neonime', 12, 12, 1, '2021-09-21 12:23:43', '2021-10-19 12:08:12', 0, '00:00:00'),
	(16, 'Ganbare Douki-chan (ONA)', 3, 2021, 2, 'https://cdn.myanimelist.net/images/anime/1185/117548.jpg', 'Comedy, Romance, Ecchi (Anime Pendek: 6 Menit)', 'Muse (Youtube)', 12, 12, 1, '2021-09-21 12:27:00', '2021-12-06 02:10:40', 0, '00:00:00'),
	(17, 'Getsuyoubi no Tawawa 2 (ONA) ', 3, 2021, 2, 'https://cdn.myanimelist.net/images/anime/1370/117813.jpg', 'Slice of Life, Ecchi (Anime Pendek: 6 Menit)', 'Muse (Youtube)', 12, 12, 1, '2021-09-21 12:28:06', '2021-12-06 02:10:59', 0, '00:00:00'),
	(18, 'Taishou Otome Otogibanashi', 4, 2021, 2, 'https://cdn.myanimelist.net/images/anime/1822/113767.jpg', 'Comedy, Romance, Slice of Life, Historical, Shounen', 'iQIYI', 12, 12, 1, '2021-09-22 02:33:36', '2021-12-25 15:07:36', 0, '00:00:00'),
	(19, 'Tsuki to Laika to Nosferatu', 4, 2021, 2, 'https://cdn.myanimelist.net/images/anime/1985/116669.jpg', 'Sci-Fi, Space, Vampire\r\nAni-One ULTRA (Membership)', 'iQIYI', 12, 12, 1, '2021-09-22 02:36:11', '2021-12-20 03:53:20', 0, '00:00:00'),
	(20, 'Senyoku no Sigrdrifa', 4, 2020, 0, 'https://otakotaku.com/asset/img/anime/2020/08/senyoku-no-sigrdrifa-5f4663194818bp.jpg', 'Author ReZero', 'Lainnya', 0, 12, 1, '2021-10-04 21:47:44', '2021-10-04 21:47:44', 0, '00:00:00'),
	(21, 'Bokutachi no Remake', 3, 2021, 2, 'https://otakotaku.com/asset/img/anime/2021/03/bokutachi-no-remake-604b121224653p.jpg', 'Slice of Life, Drama, Romance', 'Ani-One (Youtube)', 12, 12, 1, '2021-10-04 21:50:29', '2022-03-31 07:02:21', 0, '00:00:00'),
	(22, 'Mahouka Koukou no Yuutousei', 3, 2021, 2, 'https://otakotaku.com/asset/img/anime/2021/06/mahouka-koukou-no-yuutousei-60cc8097e5cdbp.jpg', 'Sci-Fi, Fantasy', 'Bilibili', 13, 13, 1, '2021-10-04 21:52:01', '2022-07-23 15:32:17', 0, '00:00:00'),
	(23, 'Shinigami Bocchan to Kuro Maid', 3, 2021, 0, 'https://otakotaku.com/asset/img/anime/2021/05/shinigami-bocchan-to-kuro-maid-609b963ec94a7p.jpg', 'Comedy, Drama, Romance, Supernatural', 'iQIYI', 0, 12, 1, '2021-10-04 21:53:25', '2021-10-04 21:53:25', 0, '00:00:00'),
	(24, 'Meikyuu Black Company', 3, 2021, 2, 'https://otakotaku.com/asset/img/anime/2021/03/meikyuu-black-company-605d56c53cfe0p.jpg', 'Fantasy, Comedy', 'Bilibili', 12, 12, 1, '2021-10-04 21:54:48', '2022-11-05 04:38:38', 0, '00:00:00'),
	(25, 'Seijo no Maryoku wa Bannou Desu', 2, 2021, 2, 'https://otakotaku.com/asset/img/anime/2021/02/seijo-no-maryoku-wa-bannou-desu-602b3f3dd30b3p.jpg', 'Romance, Fantasy, Slice of Life, Magic', 'Muse (Youtube)', 12, 12, 1, '2021-10-04 21:58:07', '2022-06-13 15:18:22', 0, '00:00:00'),
	(26, 'Shuumatsu no Walküre (Record of Ragnarok)', 2, 2021, 0, 'https://otakotaku.com/asset/img/anime/2021/05/shuumatsu-no-walkure-60ac73603c3f1p.jpg', 'Action, Super Power, Supernatural, Drama, Seinen', 'Lainnya', 0, 12, 1, '2021-10-04 22:00:51', '2021-10-04 22:00:51', 0, '00:00:00'),
	(27, 'Kimetsu no Yaiba: Yuukaku-hen (Entertainment District Arc)', 1, 2022, 2, 'https://otakotaku.com/asset/img/anime/2021/07/kimetsu-no-yaiba-yuukaku-hen-60ed70941b708p.jpg', 'Action, Supernatural, Demons, Historical, Shounen', 'Bilibili', 11, 11, 1, '2021-12-06 02:42:38', '2022-02-14 02:03:24', 7, '22:45:00'),
	(28, 'Arifureta Shokugyou de Sekai Saikyou 2nd Season + OVA', 1, 2022, 2, 'https://cdn.myanimelist.net/images/anime/1877/119668.jpg', 'Action, Adventure, Fantasy, Harem, Isekai', 'Bilibili', 13, 13, 1, '2021-12-06 02:44:26', '2022-04-08 14:24:53', 4, '22:30'),
	(29, 'Genjitsu Shugi Yuusha no Oukoku Saikenki S2 (Realist Hero S2) ', 1, 2022, 2, 'https://cdn.myanimelist.net/images/anime/1329/118039.jpg', 'Action, Fantasy, Romance, Harem', 'Bilibili', 13, 13, 1, '2021-12-06 02:45:51', '2022-04-03 02:20:45', 7, '00:30:00'),
	(30, 'Karakai Jouzu no Takagi-san 3', 1, 2022, 2, 'https://cdn.myanimelist.net/images/anime/1594/117625.jpg', 'Comedy, Romance, Slice of Life, School, Shounen', 'Bilibili', 12, 12, 1, '2021-12-06 02:46:54', '2022-03-27 14:00:31', 6, '00:30:00'),
	(31, 'Princess Connect! Re:Dive Season 2', 1, 2022, 2, 'https://cdn.myanimelist.net/images/anime/1906/117145.jpg', 'Action, Adventure, Comedy, Fantasy', 'Neonime', 12, 12, 1, '2021-12-06 02:48:07', '2022-03-29 02:50:27', 2, '00:00:00'),
	(32, 'Mahouka Koukou no Rettousei: Tsuioku-hen (Reminiscence Arc) (Prequel S1) (SPECIAL)', 1, 2022, 2, 'https://cdn.myanimelist.net/images/anime/1296/118034.jpg', 'Sci-Fi, Supernatural\r\n(SPECIAL) (Durasi: 1 jam)', 'Bilibili', 1, 1, 1, '2021-12-06 02:49:37', '2022-01-01 11:12:25', 0, '00:00:00'),
	(33, 'Sono Bisque Doll wa Koi wo Suru', 1, 2022, 2, 'https://cdn.myanimelist.net/images/anime/1179/119897.jpg', 'Romance, Slice of Life, School, Seinen', 'Bilibili', 12, 12, 1, '2021-12-06 02:51:49', '2022-03-27 00:23:12', 6, '23:30:00'),
	(34, 'Tensai Ouji no Akaji Kokka Saisei Jutsu', 1, 2022, 2, 'https://cdn.myanimelist.net/images/anime/1263/119511.jpg', 'Comedy, Fantasy\r\nMirip Realist Hero', 'Muse (Youtube)', 12, 12, 1, '2021-12-06 02:52:46', '2022-03-30 03:10:27', 2, '21:30:00'),
	(35, 'Kenja no Deshi wo Nanoru Kenja', 1, 2022, 2, 'https://cdn.myanimelist.net/images/anime/1583/119223.jpg', 'Adventure, Fantasy', 'Muse (Youtube)', 12, 12, 1, '2021-12-06 02:53:37', '2022-03-29 16:03:23', 2, '22:30:00'),
	(36, 'Fantasy Bishoujo Juniku Ojisan to', 1, 2022, 2, 'https://otakotaku.com/asset/img/anime/2021/12/fantasy-bishoujo-juniku-ojisan-to-61b70262ca0e1p.jpg', 'Adventure, Comedy, Fantasy', 'Ani-One (Youtube)', 12, 12, 1, '2021-12-06 02:54:25', '2022-03-29 22:48:07', 2, '22:00:00'),
	(37, 'Slow Loop', 1, 2022, 2, 'https://cdn.myanimelist.net/images/anime/1360/119608.jpg', 'Slice of Life, Sports', 'Bilibili', 12, 12, 1, '2021-12-06 02:57:05', '2022-03-25 15:46:33', 5, '21:00:00'),
	(38, 'Shikkakumon no Saikyou Kenja', 1, 2022, 2, 'https://otakotaku.com/asset/img/anime/2021/12/shikkakumon-no-saikyou-kenja-61c330375ad63p.jpg', 'Action, Adventure, Fantasy', 'Ani-One (Youtube)', 12, 12, 1, '2021-12-09 07:11:12', '2022-03-27 14:00:09', 6, '21:00:00'),
	(39, 'Kaijin Kaihatsu-bu no Kuroitsu-san', 1, 2022, 2, 'https://otakotaku.com/asset/img/anime/2022/03/kaijin-kaihatsu-bu-no-kuroitsu-san-624556d19f3b8p.jpg', 'Comedy, Fantasy', 'Ani-One (Youtube)', 12, 12, 1, '2021-12-09 07:13:03', '2022-04-06 14:44:07', 7, '01:00:00'),
	(40, 'Akebi-chan no Sailor-fuku', 1, 2022, 2, 'https://cdn.myanimelist.net/images/anime/1312/120268.jpg', 'Genre: Slice of Life, School', 'Bilibili', 12, 12, 1, '2022-01-01 06:24:14', '2022-03-30 14:39:33', 7, '00:00:00'),
	(41, 'Cue!', 1, 2022, 2, 'https://otakotaku.com/asset/img/anime/2021/12/cue-61c6e050a654dp.jpg', 'Genre: Music, Slice of Life', 'Bilibili', 24, 24, 1, '2022-01-07 22:57:57', '2022-07-17 04:50:09', 6, '00:55:00'),
	(42, 'Leadale no Daichi nite', 1, 2022, 2, 'https://cdn.myanimelist.net/images/anime/1084/120149.jpg', 'Adventure, Fantasy, Isekai', 'Bilibili', 12, 12, 1, '2022-01-09 06:00:59', '2022-03-23 15:40:37', 3, '21:00'),
	(43, 'Saihate no Paladin', 4, 2021, 0, 'https://cdn.myanimelist.net/images/anime/1176/118382.jpg', 'Genre: Action, Adventure, Fantasy, Isekai', 'Ani-One (Youtube)', 0, 12, 1, '2022-01-09 06:05:41', '2022-01-09 06:05:41', 0, NULL),
	(44, 'Ousama Ranking (Ranking of Kings)', 4, 2021, 2, 'https://cdn.myanimelist.net/images/anime/1347/117616.jpg', 'Adventure, Fantasy', 'Bilibili', 23, 23, 1, '2022-01-09 06:07:52', '2022-11-21 14:51:53', 0, '00:00'),
	(45, 'Aharen-san wa Hakarenai', 2, 2022, 2, 'https://cdn.myanimelist.net/images/anime/1612/120636.jpg', 'Genre: Comedy, School, Shounen', 'Bilibili', 12, 12, 1, '2022-02-03 11:37:53', '2022-06-18 07:52:41', 6, '00:25'),
	(46, 'Date A Live IV', 2, 2022, 2, 'https://cdn.myanimelist.net/images/anime/1809/113334.jpg', 'Genre: Comedy, Romance, Sci-Fi, Harem, Mecha, School', 'Bilibili', 12, 12, 1, '2022-02-03 11:39:07', '2022-06-24 14:52:08', 5, '21:00'),
	(47, 'Gaikotsu Kishi-sama, Tadaima Isekai e Odekakechuu (Skeleton Knight in Another World)', 2, 2022, 2, 'https://cdn.myanimelist.net/images/anime/1361/120706.jpg', 'Genre: Action, Fantasy, Isekai', 'Muse (Youtube)', 12, 12, 1, '2022-02-03 11:40:29', '2022-06-23 22:25:57', 4, '22:00'),
	(48, 'Kaginado Season 2', 2, 2022, 2, 'https://cdn.myanimelist.net/images/anime/1701/120264.jpg', 'Genre: Comedy, Slice of Life.\r\nVersi Chibi anime- anime asal VN garapan Key (Air, Kanon, Kanon (2006), Little Busters!, Rewrite, Planetarian: Chiisana Hoshi no Yume) + Angel Beats!,di S2 nya', 'Muse (Youtube)', 12, 12, 1, '2022-02-03 11:41:53', '2022-07-01 15:37:23', 2, '23:05'),
	(49, 'Kaguya-sama wa Kokurasetai: Ultra Romantic (S3)', 2, 2022, 2, 'https://cdn.myanimelist.net/images/anime/1430/118919.jpg', 'Genre: Comedy, Romance, Psychological, School\r\nDemographic: Seinen', 'Bilibili', 13, 13, 1, '2022-02-03 11:43:15', '2022-06-25 00:39:36', 5, '23:30'),
	(50, 'Kakkou no Iinazuke (A Couple of Cuckoos)', 2, 2022, 2, 'https://cdn.myanimelist.net/images/anime/1285/120529.jpg', 'Genre: Comedy, Romance, Harem, Shounen', 'Bilibili', 24, 24, 1, '2022-02-03 11:44:30', '2022-10-02 02:50:15', 6, '23:30'),
	(51, 'Kawaii dake ja Nai Shikimori-san', 2, 2022, 2, 'https://cdn.myanimelist.net/images/anime/1341/120366.jpg', 'Genre: Comedy, Romance, Slice of Life', 'Bilibili', 12, 12, 1, '2022-02-03 11:45:28', '2022-07-10 01:59:48', 7, '00:30'),
	(52, 'Komi-san wa, Comyushou desu. 2nd Season', 2, 2022, 2, 'https://cdn.myanimelist.net/images/anime/1099/120202.jpg', 'Genre: Comedy, Drama, Slice of Life, School, Shounen', 'Neonime', 12, 12, 1, '2022-02-03 11:46:40', '2022-06-24 13:55:22', 0, '00:00'),
	(53, 'Kono Healer, Mendokusai', 2, 2022, 0, 'https://cdn.myanimelist.net/images/anime/1057/118932.jpg', 'Genre: Action, Adventure, Comedy, Fantasy', 'Ani-One (Youtube)', 0, 12, 1, '2022-02-03 11:47:41', '2022-07-01 22:14:45', 7, '19:00'),
	(54, 'Kunoichi Tsubaki no Mune no Uchi', 2, 2022, 0, 'https://cdn.myanimelist.net/images/anime/1148/120725.jpg', 'Genre: Comedy, Shounen. Karya Author Karakai Jouzu no Takagi-san', 'Bilibili', 0, 13, 1, '2022-02-03 11:49:44', '2022-07-01 22:13:57', 6, '23:30'),
	(55, 'Love Live! Nijigasaki Gakuen School Idol Doukoukai 2nd Season', 2, 2022, 2, 'https://otakotaku.com/asset/img/anime/2021/11/love-live-nijigasaki-gakuen-school-idol-doukoukai-season-2-618761b7e1974p.jpg', 'Genre: Slice of Life, Music, School', 'Bilibili', 13, 13, 1, '2022-02-03 11:50:57', '2022-06-25 15:36:18', 6, '20:30'),
	(56, 'Otome Game Sekai wa Mob ni Kibishii Sekai desu', 2, 2022, 2, 'https://cdn.myanimelist.net/images/anime/1306/119795.jpg', 'Genre: Fantasy, Romance, Harem, School', 'Bilibili', 12, 12, 1, '2022-02-03 11:52:02', '2022-06-19 14:04:32', 7, '20:00'),
	(57, 'Rikei ga Koi ni Ochita no de Shoumei shitemita. Heart (S2)', 2, 2022, 2, 'https://cdn.myanimelist.net/images/anime/1109/118948.jpg', 'Genre: Comedy, Romance', 'Bilibili', 12, 12, 1, '2022-02-03 11:53:30', '2022-06-18 07:52:16', 5, '23:30'),
	(58, 'Shijou Saikyou no Daimaou, Murabito A ni Tensei suru (The Greatest Demon Lord Is Reborn as a Typical Nobody)', 2, 2022, 2, 'https://cdn.myanimelist.net/images/anime/1904/120095.jpg', 'Genre: Action, Fantasy, School', 'Muse (Youtube)', 12, 12, 1, '2022-02-03 11:54:41', '2022-06-23 02:55:22', 3, '19:05'),
	(59, 'Spy x Family (only 3 hours in yt)', 2, 2022, 2, 'https://cdn.myanimelist.net/images/anime/1823/119156.jpg', 'Genre: Action, Comedy, Shounen\r\n(3 hours only in youtube)', 'Muse (Youtube)', 12, 12, 1, '2022-02-03 11:55:43', '2022-06-25 15:38:02', 6, '22:00'),
	(60, 'Tate no Yuusha no Nariagari Season 2', 2, 2022, 2, 'https://cdn.myanimelist.net/images/anime/1245/111800.jpg', 'Genre: Action, Adventure, Drama, Fantasy', 'Bilibili', 13, 13, 1, '2022-02-03 11:56:47', '2022-06-29 14:08:20', 3, '20:00'),
	(61, 'Yuusha, Yamemasu', 2, 2022, 2, 'https://cdn.myanimelist.net/images/anime/1601/118931.jpg', 'Genre: Action, Adventure, Comedy, Fantasy', 'Ani-One (Youtube)', 12, 12, 1, '2022-02-03 11:57:58', '2022-06-21 15:02:42', 2, '21:30'),
	(62, 'Soredemo Ayumu wa Yosetekuru', 3, 2022, 2, 'https://cdn.myanimelist.net/images/anime/1566/116398.jpg', 'Genre: Comedy, Romance, Slice of Life, School, Shounen. Karya dari Author Karakai Jouzu no Takagi-san', 'Bilibili', 12, 12, 1, '2022-02-03 12:01:14', '2022-09-24 15:15:53', 6, '20:30'),
	(63, 'Boku no Hero Academia 6th Season', 4, 2022, 0, 'https://cdn.myanimelist.net/images/anime/1983/119548.jpg', 'Genres: Action, Comedy, School, Super Power, Shounen', 'Bilibili', 1, 25, 1, '2022-02-03 12:05:31', '2023-01-04 22:57:51', 6, '16:30'),
	(64, 'Hataraku Maou-sama! 2nd Season', 3, 2022, 2, 'https://cdn.myanimelist.net/images/anime/1502/124354.jpg', 'Genre: Comedy, Fantasy, Romance, Supernatural, Demons', 'Bilibili', 12, 12, 1, '2022-03-23 05:07:29', '2022-09-30 15:45:09', 4, '21:35'),
	(65, 'Kanojo, Okarishimasu 2nd Season', 3, 2022, 2, 'https://otakotaku.com/asset/img/anime/2022/07/kanojo-okarishimasu-season-2-62c0442ca6372p.jpg', 'Genre: Comedy, Romance, School', 'Muse (Youtube)', 12, 12, 1, '2022-03-23 05:08:59', '2022-09-17 02:31:30', 6, '00:25'),
	(66, 'Overlord IV', 3, 2022, 2, 'https://otakotaku.com/asset/img/anime/2021/12/overlord-iv-61bc72603e882p.jpg', 'Genre: Action, Fantasy, Supernatural, Game', 'Bilibili', 13, 13, 1, '2022-03-23 05:12:09', '2022-09-27 15:00:14', 2, '21:00'),
	(67, 'Youkoso Jitsuryoku Shijou Shugi no Kyoushitsu e (TV) 2nd Season', 3, 2022, 2, 'https://cdn.myanimelist.net/images/anime/1010/124180.jpg', 'Genre: Drama, Psychological, School', 'Muse (Youtube)', 13, 13, 1, '2022-03-23 05:13:51', '2022-09-26 14:06:35', 1, '20:00'),
	(68, 'Love Live! Superstar!! 2nd Season', 3, 2022, 2, 'https://cdn.myanimelist.net/images/anime/1238/124173.jpg', 'Genre: Slice of Life, Music, School', 'Bilibili', 12, 12, 1, '2022-03-23 05:15:30', '2022-10-11 15:41:46', 2, '18:30'),
	(69, 'Danmachi 4th Season', 3, 2022, 2, 'https://cdn.myanimelist.net/images/anime/1576/123989.jpg', 'Genre: Action, Adventure, Comedy, Fantasy, Romance', 'Bilibili', 11, 11, 1, '2022-06-16 23:13:58', '2022-11-08 15:31:00', 7, '14:00'),
	(70, 'Mamahaha no Tsurego ga Motokano datta', 3, 2022, 2, 'https://cdn.myanimelist.net/images/anime/1708/123281.jpg', 'Genre: Comedy, Romance', 'Bilibili', 12, 12, 1, '2022-06-16 23:15:21', '2022-09-24 00:58:19', 3, '19:30'),
	(71, 'Engage Kiss', 3, 2022, 2, 'https://cdn.myanimelist.net/images/anime/1593/124270.jpg', 'Genre: Comedy, Romance. Desain karakter oleh desain karakter anime Date a Live. ', 'Bilibili', 13, 13, 1, '2022-06-16 23:19:11', '2022-09-25 14:22:42', 7, '00:00'),
	(72, 'Tensei Kenja no Isekai Life: Dai-2 no Shokugyou wo Ete, Sekai Saikyou ni Narimashita', 3, 2022, 2, 'https://cdn.myanimelist.net/images/anime/1724/120368.jpg', 'Judul EN: My Isekai Life: I Gained a Second Character Class and Became the Strongest Sage in the World. \r\nGenre: Action, Adventure, Fantasy, Isekai', 'Ani-One (Youtube)', 12, 12, 1, '2022-06-16 23:22:34', '2022-09-12 15:34:59', 1, '19:00'),
	(73, 'Kinsou no Vermeil: Gakeppuchi Majutsushi wa Saikyou no Yakusai to Mahou Sekai wo Tsukisusumu', 3, 2022, 0, 'https://cdn.myanimelist.net/images/anime/1750/123724.jpg', 'Genre: Fantasy, School, Shounen', 'Lainnya', 0, 0, 1, '2022-06-16 23:24:36', '2022-06-18 08:08:28', 0, '00:00'),
	(74, 'Jashin-chan Dropkick 3rd Season', 3, 2022, 2, 'https://cdn.myanimelist.net/images/anime/1477/121963.jpg', 'Genre: Comedy, Supernatural', 'Bilibili', 12, 12, 1, '2022-06-16 23:25:54', '2022-09-21 15:15:02', 3, '00:05'),
	(75, 'Fuuto Tantei (Fuuto PI)', 3, 2022, 2, 'https://cdn.myanimelist.net/images/anime/1945/123588.jpg', 'Genre: Action, Drama, Mystery, Supernatural, Detective, Seinen\r\nKamen Rider W (double) sekuel.', 'Muse (Youtube)', 12, 12, 1, '2022-06-16 23:29:00', '2022-10-17 05:49:31', 7, '23:00'),
	(76, 'Isekai Ojisan', 3, 2022, 2, 'https://cdn.myanimelist.net/images/anime/1045/124347.jpg', 'Genre: Comedy, Fantasy, Isekai', 'Lainnya', 13, 13, 1, '2022-06-16 23:30:37', '2023-03-12 14:34:28', 0, '00:00'),
	(77, 'Koi wa Sekai Seifuku no Ato de (Love After World Domination)', 2, 2022, 2, 'https://cdn.myanimelist.net/images/anime/1347/120593.jpg', 'Genre: Comedy, Romance, Shounen', 'Bilibili', 12, 12, 1, '2022-06-16 23:33:42', '2022-10-13 13:53:25', 5, '21:00'),
	(78, 'Saikin Yatotta Maid ga Ayashii', 3, 2022, 2, 'https://cdn.myanimelist.net/images/anime/1022/123845.jpg', 'Genre: Comedy, Romance, Shounen', 'Ani-One (Youtube)', 11, 11, 1, '2022-06-18 08:23:14', '2022-10-09 02:34:26', 7, '01:00'),
	(79, 'Isekai Yakkyoku', 3, 2022, 2, 'https://otakotaku.com/asset/img/anime/2022/05/isekai-yakkyoku-62748f493ed8cp.jpg', 'Genre: Fantasy, Isekai', 'Muse (Youtube)', 12, 12, 1, '2022-07-01 22:48:36', '2022-09-25 14:22:28', 7, '20:30'),
	(80, 'Isekai Meikyuu de Harem wo', 3, 2022, 2, 'https://cdn.myanimelist.net/images/anime/1490/126919.jpg', 'Genre: Action, Adventure, Fantasy, Romance, Ecchi, Harem, Isekai', 'Bilibili', 12, 12, 1, '2022-07-07 14:21:40', '2022-10-02 06:26:17', 3, '21:30'),
	(81, 'Black Summoner (Kuro no Shoukanshi)', 3, 2022, 2, 'https://cdn.myanimelist.net/images/anime/1517/125496.jpg', 'Genre: Action, Fantasy, Harem, Isekai', 'Bilibili', 12, 12, 1, '2022-09-14 12:00:39', '2022-09-24 14:47:37', 6, '20:00'),
	(82, 'Mob Psycho 100 III', 4, 2022, 2, 'https://cdn.myanimelist.net/images/anime/1228/125011.jpg', 'Genre: Action, Comedy, Supernatural, Super Power', 'Muse (Youtube)', 12, 12, 1, '2022-09-14 12:06:04', '2022-12-22 02:27:55', 3, '23:00'),
	(83, 'Spy x Family Part 2', 4, 2022, 2, 'https://cdn.myanimelist.net/images/anime/1111/127508.jpg', 'Genre: Action, Comedy', 'Bilibili', 13, 13, 1, '2022-09-14 12:07:19', '2022-12-24 23:29:21', 6, '22:00'),
	(84, 'Kage no Jitsuryokusha ni Naritakute! (The Eminence in Shadow)', 4, 2022, 2, 'https://cdn.myanimelist.net/images/anime/1874/121869.jpg', 'Genre: Action, Comedy, Fantasy', 'Bilibili', 20, 20, 1, '2022-09-14 12:08:31', '2023-02-16 00:59:53', 3, '21:30'),
	(85, 'Blue Lock', 4, 2022, 0, 'https://cdn.myanimelist.net/images/anime/1400/123773.jpg', 'Genre: Sports, Shounen', 'Bilibili', 0, 24, 1, '2022-09-14 12:09:39', '2023-01-04 22:57:37', 7, '00:00'),
	(86, 'Uzaki-chan wa Asobitai! Double', 4, 2022, 2, 'https://cdn.myanimelist.net/images/anime/1320/127688.jpg', 'Genre: Romance, Comedy, Ecchi. Studio: ENGI !!!', 'Bilibili', 13, 13, 1, '2022-09-14 12:10:53', '2022-12-25 03:20:04', 6, '21:00'),
	(87, 'Bocchi The Rock!', 4, 2022, 2, 'https://otakotaku.com/asset/img/anime/2022/09/bocchi-the-rock-6321f2ac86376p.jpg', 'Genre: Slice of Life,  Comedy, Music.', 'Bilibili', 12, 12, 1, '2022-09-14 12:14:27', '2023-01-04 22:57:00', 0, '00:00'),
	(88, 'Mairimashita! Iruma-kun 3rd Season', 4, 2022, 2, 'https://cdn.myanimelist.net/images/anime/1554/127014.jpg', 'Genre: Comedy, Fantasy, Supernatural, School, Shounen', 'Muse (Youtube)', 21, 21, 1, '2022-09-14 12:15:37', '2023-03-05 09:09:34', 6, '19:25'),
	(89, 'Urusei Yatsura (2022)', 4, 2022, 2, 'https://cdn.myanimelist.net/images/anime/1418/123904.jpg', 'Genre: Comedy, Romance, Sci-Fi, Shounen. Remake dari Anime Urusei Yatsura.', 'Bilibili', 23, 23, 1, '2022-09-14 12:17:27', '2023-03-26 03:01:52', 5, '01:20'),
	(90, 'Tensei shitara Ken Deshita', 4, 2022, 2, 'https://cdn.myanimelist.net/images/anime/1498/121952.jpg', 'Genre: Action, Fantasy, Isekai. Reinkarnasi menjadi Pedang. BUKAN Tensura!', 'Bilibili', 12, 12, 1, '2022-09-14 12:18:54', '2022-12-15 15:21:55', 3, '22:30'),
	(91, 'Akuyaku Reijou nanode Last Boss wo Kattemimashita', 4, 2022, 2, 'https://cdn.myanimelist.net/images/anime/1648/126110.jpg', 'Genre: Comedy, Fantasy, Romance, Shoujo', 'Bilibili', 12, 12, 1, '2022-09-14 12:19:48', '2022-12-11 01:27:29', 6, '21:00'),
	(92, 'Fuufu Ijou, Koibito Miman (More than a married couple, but not lovers)', 4, 2022, 2, 'https://cdn.myanimelist.net/images/anime/1713/126442.jpg', 'Genres: Comedy, Drama, Romance, School, Seinen', 'Bilibili', 12, 12, 1, '2022-09-14 12:20:55', '2022-12-30 06:24:09', 7, '21:00'),
	(93, 'Yuusha Party wo Tsuihou sareta Beast Tamer, Saikyoushu no Nekomimi Shoujo to Deau (Beast Tamer)', 4, 2022, 2, 'https://cdn.myanimelist.net/images/anime/1871/124357.jpg', 'Genre: Action, Comedy, Fantasy', 'Muse (Youtube)', 13, 13, 1, '2022-09-14 12:22:23', '2022-12-24 15:51:14', 6, '21:00'),
	(94, 'Noumin Kanren no Skill bakka Agetetara Nazeka Tsuyoku Natta', 4, 2022, 2, 'https://cdn.myanimelist.net/images/anime/1384/127328.jpg', 'Genre: Action, Adventure, Fantasy', 'Bilibili', 12, 12, 1, '2022-09-14 12:23:39', '2022-12-17 15:59:13', 6, '20:00'),
	(95, 'Renai Flops (Love Flops)', 4, 2022, 2, 'https://cdn.myanimelist.net/images/anime/1161/121833.jpg', 'Genre: Comedy, Romance, School. Anime Original.', 'Bilibili', 12, 12, 1, '2022-09-14 12:25:05', '2022-12-30 05:50:27', 3, '23:05'),
	(96, 'KanColle: Itsuka Ano Umi de', 4, 2022, 0, 'https://cdn.myanimelist.net/images/anime/1949/121871.jpg', 'Genres: Action, Sci-Fi, Slice of Life, Military, School. Studio: ENGI !!!', 'Lainnya', 0, 8, 1, '2022-09-14 12:26:56', '2023-01-04 22:58:03', 0, '00:00'),
	(97, 'Maou Gakuin no Futekigousha (S2): Shijou Saikyou no Maou no Shiso, Tensei shite Shison-tachi no Gakkou e Kayou II', 1, 2023, 2, 'https://cdn.myanimelist.net/images/anime/1471/128323.jpg', 'Genre: Action, Fantasy, School', 'Bilibili', 12, 12, 1, '2022-09-14 12:28:24', '2023-09-24 23:49:10', 7, '00:00'),
	(98, 'Chainsaw Man', 4, 2022, 2, 'https://cdn.myanimelist.net/images/anime/1806/126216.jpg', 'Genres: Action, Adventure, Gore, Shounen', 'Lainnya', 12, 12, 1, '2022-09-14 12:31:03', '2022-12-29 23:35:38', 3, '00:00'),
	(99, 'Ijiranaide, Nagatoro-san 2nd Attack', 1, 2023, 2, 'https://cdn.myanimelist.net/images/anime/1647/124903.jpg', 'Genre: Comedy, Romance', 'Bilibili', 12, 12, 1, '2022-10-09 03:24:45', '2023-03-19 02:29:45', 7, '00:00'),
	(100, 'Tokyo Revengers: Seiya Kessen-hen (S2)', 1, 2023, 0, 'https://cdn.myanimelist.net/images/anime/1463/124563.jpg', 'Genres: Action, Drama, Supernatural, School', 'Lainnya', 0, 13, 1, '2022-10-09 03:26:53', '2023-01-09 11:54:53', 0, '00:00'),
	(101, 'Itai no wa Iya nano de Bougyoryoku ni Kyokufuri Shitai to Omoimasu. 2', 1, 2023, 0, 'https://cdn.myanimelist.net/images/anime/1782/128859.jpg', 'Genre: Action, Adventure, Comedy, Fantasy, Sci-Fi', 'Bilibili', 0, 12, 1, '2022-10-09 03:28:43', '2023-02-09 22:57:19', 3, '22:30'),
	(102, 'Kyokou Suiri 2nd Season (In/Spectre S2)', 1, 2023, 0, 'https://cdn.myanimelist.net/images/anime/1940/125910.jpg', 'Genre: Mystery, Romance, Supernatural, Shounen', 'Bilibili', 0, 12, 1, '2022-10-09 03:30:23', '2023-01-14 02:23:45', 7, '22:05'),
	(103, 'Kami-tachi ni Hirowareta Otoko 2nd Season', 1, 2023, 2, 'https://cdn.myanimelist.net/images/anime/1585/128011.jpg', 'Genres: Adventure, Fantasy, Slice of Life, Isekai', 'Bilibili', 12, 12, 1, '2022-10-09 03:31:58', '2023-03-26 14:26:39', 7, '20:30'),
	(104, 'Tomo-chan wa Onnanoko!', 1, 2023, 2, 'https://cdn.myanimelist.net/images/anime/1502/125020.jpg', 'Genres: Comedy, Romance, School', 'Neonime', 13, 13, 1, '2022-10-09 03:33:35', '2023-03-31 13:46:47', 4, '00:00'),
	(105, 'Otonari no Tenshi-sama ni Itsunomanika Dame Ningen ni Sareteita Ken', 1, 2023, 2, 'https://cdn.myanimelist.net/images/anime/1429/128789.jpg', 'Genre: Comedy, Romance', 'Bilibili', 12, 12, 1, '2022-10-09 03:34:55', '2023-03-25 16:06:13', 6, '22:00'),
	(106, 'Kubo-san wa Mob wo Yurusanai', 1, 2023, 2, 'https://cdn.myanimelist.net/images/anime/1737/123772.jpg', 'Genres: Comedy, Romance, School', 'Bilibili', 12, 12, 1, '2022-10-09 03:35:49', '2023-06-29 22:47:54', 2, '22:30'),
	(107, 'Dungeon ni Deai wo Motomeru no wa Machigatteiru Darou ka IV: Fuka Shou - Yakusai-hen (Danmachi S4 Part 2)', 1, 2023, 2, 'https://cdn.myanimelist.net/images/anime/1476/128693.jpg', 'Genre: Action, Adventure, Comedy, Fantasy, Romance', 'Bilibili', 11, 11, 1, '2022-10-09 03:37:03', '2023-04-01 08:24:07', 0, '00:00'),
	(108, 'Shin Shinka no Mi: Shiranai Uchi ni Kachigumi Jinsei (S2)', 1, 2023, 2, 'https://cdn.myanimelist.net/images/anime/1862/128297.jpg', 'Genres: Adventure, Comedy, Fantasy, Romance, Isekai', 'Bilibili', 12, 12, 1, '2022-10-09 03:38:07', '2023-04-17 14:32:45', 5, '23:23'),
	(109, 'Oniichan wa Oshimai!', 1, 2023, 2, 'https://cdn.myanimelist.net/images/anime/1097/123195.jpg', 'Genre: Comedy', 'Bilibili', 12, 12, 1, '2022-10-09 03:39:26', '2023-03-24 14:34:23', 4, '22:30'),
	(110, 'Tsundere Akuyaku Reijou Liselotte to Jikkyou no Endou-kun to Kaisetsu no Kobayashi-san', 1, 2023, 2, 'https://cdn.myanimelist.net/images/anime/1620/125409.jpg', 'Genre: Comedy, Fantasy, Romance', 'Bilibili', 12, 12, 1, '2022-10-09 03:40:22', '2023-03-25 00:50:30', 6, '01:25'),
	(111, 'Isekai Nonbiri Nouka', 1, 2023, 2, 'https://cdn.myanimelist.net/images/anime/1243/127393.jpg', 'Genre: Fantasy, Isekai', 'Bilibili', 12, 12, 1, '2022-10-09 03:41:38', '2023-03-24 14:02:12', 5, '20:00'),
	(112, 'Hyouken no Majutsushi ga Sekai wo Suberu: Sekai Saikyou no Majutsushi de Aru Shounen wa, Majutsu Gakuin ni Nyuugaku suru', 1, 2023, 2, 'https://cdn.myanimelist.net/images/anime/1172/128269.jpg', 'Genre: Action, Fantasy, School', 'Bilibili', 12, 12, 1, '2022-10-09 03:42:33', '2023-03-24 02:39:09', 5, '00:58'),
	(113, 'Eiyuuou, Bu wo Kiwameru Tame Tenseisu: Soshite, Sekai Saikyou no Minarai Kishi', 1, 2023, 0, 'https://cdn.myanimelist.net/images/anime/1335/121334.jpg', 'Genre: Action, Fantasy', 'Muse (Youtube)', 0, 12, 1, '2022-10-09 03:44:15', '2023-01-14 02:23:30', 0, '00:00'),
	(114, 'Lycoris Recoil', 3, 2022, 0, 'https://otakotaku.com/asset/img/anime/2022/07/lycoris-recoil-62bf05c0265e0p.jpg', 'Genre: Action, Slice of Life, Comedy', 'Lainnya', 0, 13, 1, '2022-12-30 11:34:04', '2022-12-30 11:34:04', 0, '00:00'),
	(115, 'Ningen Fushin no Boukensha-tachi ga Sekai wo Sukuu you desu', 1, 2023, 2, 'https://cdn.myanimelist.net/images/anime/1446/131578.jpg', 'Genres: Action, Adventure, Fantasy', 'Bilibili', 12, 12, 1, '2023-01-09 11:32:32', '2023-03-22 06:00:56', 2, '21:35'),
	(116, 'Spy Kyoushitsu (Spy Classroom)', 1, 2023, 2, 'https://cdn.myanimelist.net/images/anime/1866/131844.jpg', 'Genre: Action, Comedy, Mystery', 'Bilibili', 12, 12, 1, '2023-01-09 11:35:20', '2023-04-08 15:07:53', 4, '21:30'),
	(117, 'Kaiko sareta Ankoku Heishi (30-dai) no Slow na Second Life', 1, 2023, 2, 'https://cdn.myanimelist.net/images/anime/1224/132328.jpg', 'Genre: Fantasy (Slice of Life ?). Diusir dari pasukan iblis.', 'Bilibili', 12, 12, 1, '2023-01-09 11:38:11', '2023-03-25 14:57:40', 6, '20:00'),
	(118, 'Benriya Saitou-san, Isekai ni Iku (Handyman Saitou in Another World)', 1, 2023, 2, 'https://cdn.myanimelist.net/images/anime/1805/132335.jpg', 'Genre: Adventure, Comedy, Fantasy, Isekai. Adaptasi dari 4-koma manga', 'Bilibili', 12, 12, 1, '2023-01-09 11:40:10', '2023-03-26 15:19:30', 7, '21:30'),
	(119, 'Tondemo Skill de Isekai Hourou Meshi (Campfire Cooking in Another World with My Absurd Skill)', 1, 2023, 2, 'https://cdn.myanimelist.net/images/anime/1661/131889.jpg', 'Genres: Adventure, Comedy, Fantasy, Gourmet, Isekai', 'Bilibili', 12, 12, 1, '2023-01-09 11:48:09', '2023-03-29 01:40:04', 2, '23:00'),
	(120, 'Saikyou Onmyouji no Isekai Tenseiki (The Reincarnation of the Strongest Exorcist in Another World)', 1, 2023, 2, 'https://otakotaku.com/asset/img/anime/2022/07/saikyou-onmyouji-no-isekai-tenseiki-62dff99fc44dcp.jpg', 'Genre: Action, Adventure, Fantasy, Isekai', 'Bilibili', 13, 13, 1, '2023-01-15 02:43:16', '2023-04-03 15:21:26', 7, '00:00'),
	(121, 'Kimetsu no Yaiba: Katanakaji no Sato-hen (S3)', 2, 2023, 2, 'https://cdn.myanimelist.net/images/anime/1297/133915.jpg', 'Genre: Action, Fantasy, Shounen', 'Bilibili', 11, 11, 1, '2023-03-24 11:23:25', '2023-09-30 16:27:57', 1, '10:00'),
	(122, 'Dr. Stone: New World (S3)', 2, 2023, 2, 'https://cdn.myanimelist.net/images/anime/1785/131775.jpg', 'Genre: Adventure, Comedy, Sci-Fi, Shounen', 'Bilibili', 11, 11, 1, '2023-03-24 11:24:50', '2023-06-18 03:49:27', 4, '21:30'),
	(123, 'Tonikaku Kawaii 2nd Season', 2, 2023, 2, 'https://cdn.myanimelist.net/images/anime/1996/133361.jpg', 'Genre: Comedy, Romance', 'Bilibili', 12, 12, 1, '2023-03-24 11:25:59', '2023-07-19 14:52:54', 6, '00:05'),
	(124, 'Kono Subarashii Sekai ni Bakuen wo!', 2, 2023, 2, 'https://cdn.myanimelist.net/images/anime/1895/124133.jpg', 'Genre: Comedy, Fantasy. Spin-off KonoSuba, MC: Megumin', 'Bilibili', 12, 12, 1, '2023-03-24 11:29:16', '2023-06-29 00:55:36', 3, '23:00'),
	(125, 'Oshi no Ko', 2, 2023, 2, 'https://cdn.myanimelist.net/images/anime/1444/131774.jpg', 'Genre: Drama, Supernatural. Satu author dengan kaguya-sama.', 'Bilibili', 11, 11, 1, '2023-03-24 11:30:34', '2023-06-29 00:55:15', 3, '22:00'),
	(126, 'Mashle: Magic and Muscles', 2, 2023, 2, 'https://cdn.myanimelist.net/images/anime/1706/134359.jpg', 'Genre: Action, Comedy, Fantasy', 'Lainnya', 12, 12, 1, '2023-03-24 11:31:41', '2023-07-01 09:42:14', 6, '00:00'),
	(127, 'Ousama Ranking: Yuuki no Takarabako', 2, 2023, 0, 'https://cdn.myanimelist.net/images/anime/1897/131615.jpg', 'Genre: Adventure, Fantasy. Spin-off Anime Ousama Ranking.', 'Bilibili', 0, 10, 1, '2023-03-24 11:33:02', '2023-06-29 22:47:42', 5, '00:40'),
	(128, 'Yamada-kun to Lv999 no Koi wo Suru', 2, 2023, 2, 'https://cdn.myanimelist.net/images/anime/1298/134178.jpg', 'Genre: Romance', 'Bilibili', 13, 13, 1, '2023-03-24 11:33:47', '2023-06-24 22:50:24', 7, '00:00'),
	(129, 'Isekai wa Smartphone to Tomo ni. 2', 2, 2023, 2, 'https://cdn.myanimelist.net/images/anime/1932/131464.jpg', 'Genre: Adventure, Comedy, Fantasy, Romance, Harem. Isekai', 'Bilibili', 12, 12, 1, '2023-03-24 11:34:48', '2023-06-20 09:12:01', 1, '22:30'),
	(130, 'Isekai de Cheat Skill wo Te ni Shita Ore wa, Genjitsu Sekai wo mo Musou Suru: Level Up wa Jinsei wo Kaeta', 2, 2023, 2, 'https://cdn.myanimelist.net/images/anime/1316/134327.jpg', 'Genre: Action, Adventure, Fantasy, Isekai, School ', 'Bilibili', 13, 13, 1, '2023-03-24 11:36:18', '2023-06-29 03:16:22', 1, '23:00'),
	(131, 'Kuma Kuma Kuma Bear Punch! (S2)', 2, 2023, 2, 'https://cdn.myanimelist.net/images/anime/1132/134608.jpg', 'Genre: Adventure, Comedy, Fantasy, Isekai', 'Muse (Youtube)', 12, 12, 1, '2023-03-24 11:37:44', '2023-06-20 14:00:52', 1, '21:00'),
	(132, 'Boku no Kokoro no Yabai Yatsu', 2, 2023, 2, 'https://cdn.myanimelist.net/images/anime/1886/131654.jpg', 'Genre: Comedy, Romance, School', 'Bilibili', 12, 12, 1, '2023-03-24 11:39:03', '2023-06-18 03:49:57', 7, '01:00'),
	(133, 'Isekai Shoukan wa Nidome desu', 2, 2023, 2, 'https://cdn.myanimelist.net/images/anime/1387/134151.jpg', 'Genre: Adventure, Comedy, Fantasy, Romance, Harem, Isekai', 'Bilibili', 12, 12, 1, '2023-03-24 11:40:08', '2023-07-05 15:23:37', 7, '01:00'),
	(134, 'Yuusha ga Shinda!', 2, 2023, 2, 'https://cdn.myanimelist.net/images/anime/1868/133866.jpg', 'Genre: Action, Comedy, Fantasy, Ecchi, Harem, Parody', 'Lainnya', 12, 12, 1, '2023-03-24 11:41:20', '2023-06-30 01:03:41', 5, '00:00'),
	(135, 'Tensei Kizoku no Isekai Boukenroku: Jichou wo Shiranai Kamigami no Shito', 2, 2023, 2, 'https://cdn.myanimelist.net/images/anime/1402/134000.jpg', 'Genre:  Action, Fantasy, Romance, Harem, Isekai', 'Bilibili', 12, 12, 1, '2023-03-24 11:42:37', '2023-06-20 05:47:49', 7, '19:30'),
	(136, 'Isekai One Turn Kill Neesan: Ane Douhan no Isekai Seikatsu Hajimemashita (My One-Hit Kill Sister)', 2, 2023, 2, 'https://cdn.myanimelist.net/images/anime/1967/129736.jpg', 'Genre: Comedy, Fantasy, Isekai, Seinen', 'Lainnya', 12, 12, 1, '2023-03-24 11:43:42', '2023-06-25 15:03:30', 6, '00:00'),
	(137, 'Megami no Café Terrace (The Café Terrace and Its Goddesses)', 2, 2023, 2, 'https://cdn.myanimelist.net/images/anime/1766/130919.jpg', 'Genres: Comedy, Romance, Ecchi, Harem', 'Lainnya', 12, 12, 1, '2023-03-24 11:45:01', '2023-06-25 15:03:06', 6, '00:00'),
	(138, 'D4DJ All Mix (S2)', 1, 2023, 0, 'https://cdn.myanimelist.net/images/anime/1995/129754.jpg', 'Genre: Music, School', 'Ani-One (Youtube)', 0, 12, 1, '2023-03-24 11:47:31', '2023-03-24 11:47:31', 0, '00:00'),
	(139, 'Jujutsu Kaisen 2nd Season', 3, 2023, 0, 'https://cdn.myanimelist.net/images/anime/1600/134703.jpg', 'Genre: Action, Fantasy, School, Shounen', 'Bilibili', 0, 23, 1, '2023-06-20 22:42:33', '2023-09-28 01:01:24', 4, '22:56'),
	(140, 'Mushoku Tensei II: Isekai Ittara Honki Dasu', 3, 2023, 2, 'https://cdn.myanimelist.net/images/anime/1107/136174.jpg', 'Genres: Drama, Fantasy, Ecchi, Isekai', 'Bilibili', 12, 12, 1, '2023-06-20 22:44:19', '2023-09-24 23:48:56', 7, '22:05'),
	(141, 'Masamune-kun no Revenge R (Season 2)', 3, 2023, 2, 'https://cdn.myanimelist.net/images/anime/1667/135587.jpg', 'Genres: Comedy, Romance, Harem, School', 'Ani-One (Youtube)', 12, 12, 1, '2023-06-20 22:45:51', '2023-09-19 15:40:12', 1, '21:00'),
	(142, 'Horimiya: Piece', 3, 2023, 2, 'https://cdn.myanimelist.net/images/anime/1007/136277.jpg', 'Genre: Romance, School, Shounen. Mengangkat beberapa story di manganya yang belum sempat diadaptasi menjadi anime.', 'Bilibili', 13, 13, 1, '2023-06-20 22:48:05', '2023-09-24 23:48:37', 6, '23:00'),
	(143, 'Kanojo, Okarishimasu 3rd Season', 3, 2023, 2, 'https://cdn.myanimelist.net/images/anime/1642/135423.jpg', 'Genre: Comedy, Romance', 'Lainnya', 12, 12, 1, '2023-06-20 22:49:08', '2024-04-09 13:37:50', 6, '00:00'),
	(144, 'Suki na Ko ga Megane wo Wasureta (The Girl I Like Forgot Her Glasses)', 3, 2023, 2, 'https://cdn.myanimelist.net/images/anime/1582/136325.jpg', 'Genre: Comedy, Romantic, School', 'Bilibili', 13, 13, 1, '2023-06-20 22:50:12', '2023-09-28 00:51:52', 2, '22:30'),
	(145, 'Hataraku Maou-sama!! 2nd Season (Sequel)', 3, 2023, 2, 'https://cdn.myanimelist.net/images/anime/1746/136366.jpg', 'Genre: Comedy, Fantasy\r\nThemes: Mythology, Romantic Subtext, Workplace', 'Bilibili', 12, 12, 1, '2023-06-20 22:51:57', '2023-10-07 15:04:31', 4, '21:35'),
	(146, 'Liar Liar', 3, 2023, 2, 'https://cdn.myanimelist.net/images/anime/1571/134525.jpg', 'Genre: Ecchi, School, Strategy Game', 'Bilibili', 12, 12, 1, '2023-06-20 22:58:37', '2023-09-16 21:16:16', 6, '22:00'),
	(147, 'Uchi no Kaisha no Chiisai Senpai no Hanashi (My Tiny Senpai)', 3, 2023, 2, 'https://cdn.myanimelist.net/images/anime/1984/136274.jpg', 'Genre: Comedy, Romance\r\nThemes: Adult Cast, Workplace', 'Lainnya', 12, 12, 1, '2023-06-20 22:59:48', '2023-12-08 14:02:33', 7, '00:00'),
	(148, 'Yumemiru Danshi wa Genjitsushugisha (The Dreaming Boy is a Realist)', 3, 2023, 2, 'https://cdn.myanimelist.net/images/anime/1239/134810.jpg', 'Genres: Comedy, Romance, School', 'Ani-One (Youtube)', 12, 12, 1, '2023-06-20 23:00:44', '2023-09-19 15:40:00', 2, '01:00'),
	(149, 'Genjitsu no Yohane: Sunshine in the Mirror', 3, 2023, 0, 'https://cdn.myanimelist.net/images/anime/1208/133335.jpg', 'Genre: Fantasy', 'Lainnya', 0, 13, 1, '2023-06-20 23:01:25', '2023-09-28 00:55:54', 7, '00:00'),
	(150, 'Temple (TenPuru: No One Can Live on Loneliness)', 3, 2023, 2, 'https://cdn.myanimelist.net/images/anime/1665/136454.jpg', 'Genre: Comedy, Romance, Ecchi, Harem', 'Bilibili', 12, 12, 1, '2023-06-20 23:02:15', '2023-09-24 23:49:29', 6, '23:00'),
	(151, 'Spy Kyoushitsu 2nd Season', 3, 2023, 2, 'https://cdn.myanimelist.net/images/anime/1959/135165.jpg', 'Genre: Action, Fantasy, Mystery', 'Bilibili', 12, 12, 1, '2023-06-20 23:02:58', '2023-09-29 03:45:41', 4, '21:30'),
	(152, 'Koori Zokusei Danshi to Cool na Douryou Joshi (The Ice Guy and His Cool Female Colleague)', 1, 2023, 2, 'https://cdn.myanimelist.net/images/anime/1927/132758.jpg', 'Genre: Comedy, Fantasy, Romance.\r\nThemes: Adult Cast, Mythology, Workplace', 'Bilibili', 12, 12, 1, '2023-06-20 23:34:50', '2023-06-29 15:55:05', 0, '13:00'),
	(153, 'BanG Dream! It\'s MyGO!!!!!', 3, 2023, 2, 'https://s4.anilist.co/file/anilistcdn/media/anime/cover/large/bx163571-nrql943puSoa.png', 'Genre: Musik. Series baru BanG Dream, dengan band yang baru.', 'Muse (Youtube)', 13, 13, 1, '2023-07-02 14:15:51', '2023-09-16 21:15:17', 4, '20:35'),
	(154, 'Jitsu wa Ore, Saikyou deshita?  (Am I Actually the Strongest?)', 3, 2023, 2, 'https://s4.anilist.co/file/anilistcdn/media/anime/cover/large/bx154391-IEyLPkJBsMxO.jpg', 'Genre: Adventure, Fantasy, Isekai', 'Bilibili', 12, 12, 1, '2023-07-02 14:17:42', '2023-10-05 12:30:14', 7, '01:00'),
	(155, 'Zom 100: Zombie ni Naru Made ni Shitai 100 no Koto', 3, 2023, 2, 'https://cdn.myanimelist.net/images/anime/1384/136408.jpg', 'Genres: Action, Comedy, Horror, Supernatural, Survival, Seinen', 'Bilibili', 12, 12, 1, '2023-07-08 11:12:11', '2024-01-10 16:05:43', 7, '16:30'),
	(156, 'Jidou Hanbaiki ni Umarekawatta Ore wa Meikyuu wo Samayou (Reinkarnasi jadi Mesin Penjual Minuman)', 3, 2023, 0, 'https://cdn.myanimelist.net/images/anime/1653/136097.jpg', 'Genres: Comedy, Fantasy, Isekai', 'Lainnya', 0, 12, 1, '2023-07-08 11:14:46', '2023-09-28 00:56:26', 3, '00:00'),
	(157, 'Ryza no Atelier: Tokoyami no Joou to Himitsu no Kakurega', 3, 2023, 0, '', '-', 'Bilibili', 0, 12, 1, '2023-07-08 11:15:46', '2023-09-28 01:00:50', 6, '23:30'),
	(158, 'Shiro Seijo to Kuro Bokushi', 3, 2023, 2, 'https://cdn.myanimelist.net/images/anime/1329/135096.jpg', 'Genre: Romance', 'Lainnya', 12, 12, 1, '2023-07-08 11:16:49', '2023-10-23 05:04:43', 4, '00:00'),
	(159, 'Lv1 Maou to One Room Yuusha', 3, 2023, 0, '', '-', 'Bilibili', 0, 12, 1, '2023-07-08 11:17:32', '2023-09-28 00:58:54', 1, '20:30'),
	(160, 'Eiyuu Kyoushitsu', 3, 2023, 2, 'https://cdn.myanimelist.net/images/anime/1179/136000.jpg', 'Genres: Action, Fantasy, Ecchi, Harem, School', 'Bilibili', 12, 12, 1, '2023-07-08 11:19:55', '2023-09-28 00:53:48', 7, '21:30'),
	(161, 'Higeki no Genkyou to Naru Saikyou Gedou Last Boss Joou wa Tami no Tame ni Tsukushimasu. (The Most Heretical Last Boss Queen: From Villainess to Savior)', 3, 2023, 2, 'https://cdn.myanimelist.net/images/anime/1722/135542.jpg', 'Genres: Fantasy, Romance, Isekai, Josei', 'Bilibili', 12, 12, 1, '2023-07-08 11:20:58', '2023-09-24 23:48:24', 4, '22:40'),
	(162, 'Level 1 dakedo Unique Skill de Saikyou desu', 3, 2023, 2, 'https://cdn.myanimelist.net/images/anime/1579/136295.jpg', 'Genre: Fantasy, Harem, Isekai,', 'Bilibili', 12, 12, 1, '2023-07-08 11:21:40', '2023-09-24 23:51:34', 6, '20:30'),
	(163, 'Okashi na Tensei (Sweet Reincarnation)', 3, 2023, 2, 'https://s4.anilist.co/file/anilistcdn/media/anime/cover/large/bx153339-u8i4Sc28U6En.jpg', 'Genre: Action, Fantasy, Slice of Life', 'Bilibili', 12, 12, 1, '2023-07-08 11:22:22', '2024-01-16 22:51:10', 2, '00:00'),
	(164, 'Seija Musou: Salaryman, Isekai de Ikinokoru Tame ni Ayumu Michi (Padri Agung)', 3, 2023, 2, 'https://cdn.myanimelist.net/images/anime/1821/135926.jpg', '-', 'Bilibili', 12, 12, 1, '2023-07-08 11:23:01', '2023-09-21 22:53:26', 5, '00:30'),
	(165, 'Nanatsu no Maken ga Shihai Suru (Reign of the Seven Spellblades)', 3, 2023, 0, '', '-', 'Bilibili', 0, 15, 1, '2023-07-08 11:23:41', '2023-09-28 00:59:41', 5, '23:30'),
	(166, 'Otonari ni Ginga (A Galaxy Next Door)', 2, 2023, 2, 'https://cdn.myanimelist.net/images/anime/1091/135041.jpg', 'Genre: Romance, Supernatural', 'Bilibili', 12, 12, 1, '2023-08-19 07:11:45', '2023-08-19 07:11:45', 7, '00:30'),
	(167, 'Tate no Yuusha no Nariagari Season 3', 4, 2023, 2, 'https://cdn.myanimelist.net/images/anime/1188/136926.jpg', 'Genre: Action, Adventure, Drama, Fantasy, Isekai', 'Bilibili', 12, 12, 1, '2023-09-28 01:03:44', '2024-01-03 14:05:34', 5, '19:00'),
	(168, 'Spy x Family Season 2', 4, 2023, 2, 'https://cdn.myanimelist.net/images/anime/1975/138482.jpg', 'Genre: Action, Comedy', 'Bilibili', 12, 12, 1, '2023-09-28 01:09:34', '2023-12-23 15:51:12', 6, '22:00'),
	(169, 'Goblin Slayer II', 4, 2023, 0, 'https://cdn.myanimelist.net/images/anime/1100/138338.jpg', 'Genre: Action, Adventure, Fantasy', 'Bilibili', 0, 0, 1, '2023-09-28 01:11:00', '2023-10-08 15:50:35', 5, '20:30'),
	(170, 'Kage no Jitsuryokusha ni Naritakute! (The Eminence in Shadow) 2nd Season', 4, 2023, 2, 'https://cdn.myanimelist.net/images/anime/1938/138295.jpg', 'Genre: Action, Comedy, Fantasy, Isekai', 'Bilibili', 12, 12, 1, '2023-09-28 01:12:25', '2023-12-22 15:53:59', 3, '21:30'),
	(171, 'Toaru Ossan no VRMMO Katsudouki (A Playthrough of a Certain Dude\'s VRMMO Life)', 4, 2023, 2, 'https://cdn.myanimelist.net/images/anime/1233/138531.jpg', 'Genre: Action, Adventure, Comedy, Fantasy, Game', 'Bilibili', 12, 12, 1, '2023-09-28 01:14:38', '2023-12-19 01:05:48', 2, '00:00'),
	(172, 'Sousou no Frieren (Frieren: Beyond Journeys End)', 4, 2023, 2, 'https://cdn.myanimelist.net/images/anime/1015/138006.jpg', 'Genre: Adventure, Drama, Fantasy', 'Bilibili', 28, 28, 1, '2023-09-28 01:15:59', '2024-04-03 04:50:54', 5, '22:00'),
	(173, 'Boukensha ni Naritai to Miyako ni Deteitta Musume ga S-Rank ni Natteta (My Daughter Left the Nest and Returned an S-Rank Adventurer)', 4, 2023, 2, 'https://cdn.myanimelist.net/images/anime/1271/137727.jpg', 'Genre: Action, Adventure, Fantasy', 'Bilibili', 13, 13, 1, '2023-09-28 01:18:04', '2023-12-22 15:53:32', 4, '21:00'),
	(174, 'Boushoku no Berserk (Berserk of Gluttony)', 4, 2023, 0, 'https://cdn.myanimelist.net/images/anime/1951/138462.jpg', 'Genre: Action, Fantasy', 'Bilibili', 3, 12, 1, '2023-09-28 01:20:34', '2023-12-31 16:17:57', 7, '22:00'),
	(175, 'Seiken Gakuin no Makentsukai (The Demon Sword Master of Excalibur Academy)', 4, 2023, 2, 'https://cdn.myanimelist.net/images/anime/1506/138529.jpg', 'Genre: Action, Fantasy, Harem, School', 'Bilibili', 12, 12, 1, '2023-09-28 01:23:31', '2023-12-19 15:35:53', 2, '00:00'),
	(176, 'Seijo no Maryoku wa Bannou desu (The Saint\'s Magic Power is Omnipotent) Season 2', 4, 2023, 2, 'https://cdn.myanimelist.net/images/anime/1077/136855.jpg', 'Genre: Fantasy, Romance, Isekai, Medical', 'Bilibili', 12, 12, 1, '2023-09-28 01:25:44', '2024-01-28 08:07:53', 2, '22:00'),
	(177, 'Keikenzumi na Kimi to, Keiken Zero na Ore ga, Otsukiai suru Hanashi.', 4, 2023, 2, 'https://cdn.myanimelist.net/images/anime/1848/140019.jpg', 'Genre: Romance, School', 'Bilibili', 12, 12, 1, '2023-09-28 01:31:54', '2023-12-22 15:54:16', 5, '21:30'),
	(178, 'Kimi no Koto ga Daidaidaidaidaisuki na 100-nin no Kanojo (The 100 Girlfriends Who Really, Really, Really, Really, Really Love You)', 4, 2023, 2, 'https://cdn.myanimelist.net/images/anime/1812/136764.jpg', 'Genre: Comedy, Romance, Harem, Parody, School', 'Bilibili', 12, 12, 1, '2023-09-28 01:33:16', '2023-12-25 15:04:07', 7, '21:00'),
	(179, 'Buta no Liver wa Kanetsu Shiro (Butareba: The Story of a Man Who Turned into a Pig)', 4, 2023, 2, 'https://cdn.myanimelist.net/images/anime/1818/138383.jpg', 'Genre: Comedy, Fantasy', 'Bilibili', 12, 12, 1, '2023-09-28 01:36:01', '2024-04-09 13:38:08', 7, '00:00'),
	(180, 'Dr. Stone: New World (S3) Part 2', 4, 2023, 2, 'https://cdn.myanimelist.net/images/anime/1236/138696.jpg', 'Genre: Adventure, Comedy, Sci-Fi, Shounen', 'Bilibili', 11, 11, 1, '2023-09-28 01:39:59', '2023-12-25 15:03:55', 4, '21:30'),
	(181, 'Kanojo mo Kanojo (Girlfriend, Girlfriend) Season 2', 4, 2023, 2, 'https://cdn.myanimelist.net/images/anime/1063/137100.jpg', 'Genre: Comedy, Romance, Harem, School', 'Bilibili', 12, 12, 1, '2023-09-28 02:00:56', '2023-12-23 15:51:23', 6, '00:28'),
	(182, 'Konyaku Haki sareta Reijou wo Hirotta Ore ga, Ikenai Koto wo Oshiekomu (I\'m Giving the Disgraced Noble Lady I Rescued a Crash Course in Naughtiness)', 4, 2023, 2, 'https://cdn.myanimelist.net/images/anime/1142/137572.jpg', 'Genre: Romance, Comedy, Fantasy', 'Bilibili', 12, 12, 1, '2023-10-06 01:15:39', '2023-12-20 14:25:28', 3, '20:00'),
	(183, 'Shangri-La Frontier: Kusoge Hunter, Kamige ni Idoman to su', 4, 2023, 2, 'https://cdn.myanimelist.net/images/anime/1591/137973.jpg', 'Genre: Action, Adventure, Fantasy, Game', 'Bilibili', 25, 25, 1, '2023-10-07 11:08:56', '2024-04-03 04:50:44', 7, '16:00'),
	(184, 'Dekoboko Majo no Oyako Jijou (The Family Circumstances of the Irregular Witch)', 4, 2023, 0, 'https://cdn.myanimelist.net/images/anime/1918/138185.jpg', 'Genre: Comedy, Fantasy', 'Bilibili', 0, 12, 1, '2023-10-07 11:15:48', '2023-10-08 15:52:03', 7, '21:00'),
	(185, 'A Returner\'s Magic Should Be Special', 4, 2023, 2, 'https://cdn.myanimelist.net/images/anime/1816/138532l.jpg', 'Genres: Action, Fantasy, School, Time Travel. Adaptasi Manhwa Korea', 'Bilibili', 12, 12, 1, '2023-10-23 04:52:11', '2023-12-25 15:03:40', 6, '23:30'),
	(186, 'Youkoso Jitsuryoku Shijou Shugi no Kyoushitsu e 3rd Season', 1, 2024, 2, 'https://cdn.myanimelist.net/images/anime/1332/139318.jpg', 'Themes: Psychological, School', 'Bilibili', 13, 13, 1, '2023-12-20 13:29:04', '2024-04-03 04:50:32', 3, '20:30'),
	(187, 'Jaku-Chara Tomozaki-kun 2nd Stage', 1, 2024, 2, 'https://cdn.myanimelist.net/images/anime/1198/139378.jpg', 'Genre: Drama, Romance, School', 'Bilibili', 13, 13, 1, '2023-12-20 13:32:13', '2024-04-03 04:49:28', 3, '19:30'),
	(188, 'Sokushi Cheat ga Saikyou sugite, Isekai no Yatsura ga Marude Aite ni Naranai n desu ga. (My Instant Death Ability is So Overpowered)', 1, 2024, 2, 'https://cdn.myanimelist.net/images/anime/1734/139673.jpg', 'Genre: Action, Adventure, Fantasy, Isekai', 'Bilibili', 12, 12, 1, '2023-12-20 13:33:42', '2024-04-03 04:50:23', 4, '23:30'),
	(189, 'Dungeon Meshi', 1, 2024, 0, 'https://cdn.myanimelist.net/images/anime/1938/140374.jpg', 'Genre: Comedy, Fantasy, Gourmet', 'Lainnya', 0, 24, 1, '2023-12-20 13:35:34', '2024-01-10 11:59:13', 4, '00:00'),
	(190, 'Chiyu Mahou no Machigatta Tsukaikata (The Wrong Way to Use Healing Magic)', 1, 2024, 2, 'https://cdn.myanimelist.net/images/anime/1451/140235.jpg', 'Genre: Action, Fantasy, Isekai', 'Bilibili', 13, 13, 1, '2023-12-20 13:36:50', '2024-04-03 04:49:02', 5, '22:30'),
	(191, 'Mashle 2nd Season', 1, 2024, 2, 'https://cdn.myanimelist.net/images/anime/1680/139607.jpg', 'Genre: Action, Comedy, Fantasy, School, Shounen', 'Lainnya', 12, 12, 1, '2023-12-20 13:38:04', '2024-04-03 04:49:38', 6, '00:00'),
	(192, 'Kusuriya no Hitorigoto (The Apothecary Diaries)', 4, 2023, 0, 'https://cdn.myanimelist.net/images/anime/1708/138033.jpg', 'Genres: Drama, Mystery, Historical, Medical', 'Bilibili', 0, 24, 1, '2023-12-20 13:40:41', '2024-01-28 07:17:23', 0, '00:00'),
	(193, 'Ore dake Level Up na Ken (Solo Leveling)', 1, 2024, 2, 'https://cdn.myanimelist.net/images/anime/1542/124991.jpg', 'Genre: Action, Adventure, Fantasy', 'Bilibili', 12, 12, 1, '2023-12-20 13:41:50', '2024-04-03 04:49:47', 6, '22:30'),
	(194, 'Boku no Kokoro no Yabai Yatsu Season 2', 1, 2024, 2, 'https://cdn.myanimelist.net/images/anime/1643/138581.jpg', 'Genres: Comedy, Romance, School', 'Bilibili', 13, 13, 1, '2023-12-20 13:43:08', '2024-04-03 04:26:41', 7, '00:30'),
	(195, 'Saikyou Tank no Meikyuu Kouryaku: Tairyoku 9999 no Rare Skill-mochi Tank, Yuusha Party wo Tsuihou sareru (The Strongest Tanks Labyrinth Raids)', 1, 2024, 2, 'https://cdn.myanimelist.net/images/anime/1319/140093.jpg', 'Genre: Action, Adventure, Fantasy. Title (EN): The Strongest Tanks Labyrinth Raids: A Tank with a Rare 9999 Resistance Skill Got Kicked from the Heros Party.', 'Bilibili', 12, 12, 1, '2023-12-20 13:47:32', '2024-04-03 04:49:56', 7, '00:30'),
	(196, 'Shin no Nakama ja Nai to Yuusha no Party wo Oidasareta node, Henkyou de Slow Life suru Koto ni Shimashita 2nd', 1, 2024, 2, 'https://cdn.myanimelist.net/images/anime/1873/139792.jpg', 'Genre: Adventure, Fantasy, Romance', 'Bilibili', 12, 12, 1, '2023-12-20 13:48:38', '2024-04-03 04:50:14', 7, '21:30'),
	(197, 'Tsuki ga Michibiku Isekai Douchuu 2nd Season', 1, 2024, 1, 'https://cdn.myanimelist.net/images/anime/1752/139314.jpg', 'Genre: Action, Adventure, Comedy, Fantasy, Isekai', 'Bilibili', 17, 25, 1, '2023-12-20 13:49:54', '2024-05-05 20:24:44', 1, '22:00'),
	(198, 'Oroka na Tenshi wa Akuma to Odoru (The Foolish Angel Dances with the Devil)', 1, 2024, 2, 'https://cdn.myanimelist.net/images/anime/1902/139271.jpg', 'Genre: Comedy, Supernatural, School', 'Bilibili', 12, 12, 1, '2023-12-20 13:51:03', '2024-04-13 10:24:29', 1, '23:30'),
	(199, 'Dosanko Gal wa Namara Menkoi (Hokkaido Gals Are Super Adorable!)', 1, 2024, 0, 'https://cdn.myanimelist.net/images/anime/1937/136906.jpg', 'Genre: Comedy, School, Romantic Subtext', 'Lainnya', 0, 12, 1, '2023-12-20 13:52:34', '2024-01-10 12:07:32', 2, '00:00'),
	(200, 'Urusei Yatsura (2022) 2nd Season', 1, 2024, 0, 'https://cdn.myanimelist.net/images/anime/1889/137972.jpg', 'Genres: Comedy, Romance, Sci-Fi, Shounen', 'Bilibili', 0, 23, 1, '2023-12-20 13:53:33', '2024-02-10 12:43:09', 5, '00:30'),
	(201, 'Tearmoon Teikoku Monogatari: Dantoudai kara Hajimaru, Hime no Tensei Gyakuten Story (Tearmoon Empire)', 4, 2023, 2, 'https://encrypted-tbn0.gstatic.com/images?q=tbn:ANd9GcQpmdxp0Kz9vZYozI2McIxUZpCJ_AZ59OCikw&usqp=CAU', 'Genre: Comedy, Fantasy, Time Travel', 'Bilibili', 12, 12, 1, '2023-12-25 15:06:33', '2023-12-25 15:08:41', 6, '23:00'),
	(202, 'Hikikomari Kyuuketsuki no Monmon (The Vexations of a Shut-In Vampire Princess)', 4, 2023, 2, 'https://cdn.myanimelist.net/images/anime/1032/137893.jpg', 'Genre: Comedy, Fantasy', 'Bilibili', 12, 12, 1, '2023-12-31 16:20:42', '2023-12-31 16:22:34', 6, '21:00'),
	(203, 'Isekai de Mofumofu Nadenade suru Tame ni Ganbattemasu. (Fluffy Paradise)', 1, 2024, 2, 'https://cdn.myanimelist.net/images/anime/1925/139564.jpg', 'Genre: Adventure, Fantasy, Slice of Life, Isekai', 'Lainnya', 12, 12, 1, '2024-01-10 12:16:40', '2024-04-03 04:49:15', 1, '00:00'),
	(204, 'Akuyaku Reijou Level 99: Watashi wa Ura-Boss desu ga Maou dewa Arimasen', 1, 2024, 2, 'https://cdn.myanimelist.net/images/anime/1150/140028.jpg', 'Genre: Fantasy, Isekai', 'Lainnya', 12, 12, 1, '2024-01-11 12:53:45', '2024-04-03 04:48:52', 2, '00:00'),
	(205, 'Sasaki to Pii-chan (Sasaki and Peeps)', 1, 2024, 2, 'https://cdn.myanimelist.net/images/anime/1624/139672.jpg', 'Genre: Adventure, Comedy, Fantasy, Isekai', 'Bilibili', 12, 12, 1, '2024-01-11 12:57:29', '2024-04-03 04:50:04', 5, '19:30'),
	(206, 'Rougo ni Sonaete Isekai de 8-manmai no Kinka wo Tamemasu (Saving 80,000 Gold in Another World for My Retirement)', 1, 2023, 2, 'https://s4.anilist.co/file/anilistcdn/media/anime/cover/large/bx152765-X6VRli3GPkVs.jpg', 'Genre: Comedy, Fantasy, Slice of Life, Isekai', 'Bilibili', 12, 12, 1, '2024-01-14 14:19:47', '2024-01-14 14:19:47', 0, '00:00'),
	(207, 'Lv2 kara Cheat datta Motoyuusha Kouho no Mattari Isekai Life (Chillin\' in Another World with Level 2 Super Cheat Powers)', 2, 2024, 1, 'https://cdn.myanimelist.net/images/anime/1103/142513.jpg', 'Genre: Adventure, Fantasy, Romance, Isekai', 'Lainnya', 4, 12, 1, '2024-01-28 07:19:30', '2024-05-05 20:09:19', 1, '00:00'),
	(208, 'Gekai Elise (Doctor Elise: The Royal Lady with the Lamp)', 1, 2024, 0, 'https://cdn.myanimelist.net/images/anime/1449/140344.jpg', 'Genres: Fantasy, Romance, Medical, Reincarnation', 'Bilibili', 0, 12, 1, '2024-01-28 07:21:55', '2024-01-28 07:21:55', 3, '20:30'),
	(209, 'Saijaku Tamer wa Gomi Hiroi no Tabi wo Hajimemashita. (The Weakest Tamer Began a Journey to Pick Up Trash)', 1, 2024, 2, 'https://cdn.myanimelist.net/images/anime/1280/138474.jpg', 'Genres: Adventure, Fantasy, Isekai, Reincarnation', 'Ani-One (Youtube)', 12, 12, 1, '2024-01-28 07:25:51', '2024-04-09 13:37:31', 5, '21:30'),
	(210, 'Nozomanu Fushi no Boukensha (The Unwanted Undead Adventurer)', 1, 2024, 0, 'https://cdn.myanimelist.net/images/anime/1008/140287.jpg', 'Genres: Action, Adventure, Fantasy', 'Bilibili', 0, 12, 1, '2024-01-28 07:49:52', '2024-01-28 07:49:52', 5, '20:00'),
	(211, 'Loop 7-kaime no Akuyaku Reijou wa, Moto Tekikoku de Jiyuu Kimama na Hanayome Seikatsu wo Mankitsu suru (7th Time Loop: The Villainess Enjoys a Carefree Life Married to Her Worst Enemy!)', 1, 2024, 2, 'https://cdn.myanimelist.net/images/anime/1533/140617.jpg', 'Genres: Fantasy, Romance, Reincarnation', 'Muse (Youtube)', 12, 12, 1, '2024-01-28 07:53:04', '2024-04-25 22:53:02', 7, '21:00'),
	(212, 'Yubisaki to Renren (A Sign of Affection)', 1, 2024, 0, 'https://cdn.myanimelist.net/images/anime/1478/140828.jpg', 'Genre: Romance, Shoujo', 'Bilibili', 0, 12, 1, '2024-01-28 07:54:44', '2024-01-28 07:54:44', 6, '20:30'),
	(213, 'Potion-danomi de Ikinobimasu!', 4, 2023, 2, 'https://cdn.myanimelist.net/images/anime/1182/138184.jpg', 'Genre: Adventure, Fantasy, Isekai', 'Bilibili', 12, 12, 1, '2024-04-03 04:53:50', '2024-04-03 04:53:50', 0, '00:00'),
	(214, 'Kono Subarashii Sekai ni Shukufuku wo! 3', 2, 2024, 1, 'https://cdn.myanimelist.net/images/anime/1758/141268.jpg', 'Genre: Adventure, Comedy, Fantasy, Isekai', 'Bilibili', 4, 11, 1, '2024-04-03 04:55:49', '2024-05-05 20:24:49', 3, '22:00'),
	(215, 'Kimetsu no Yaiba: Hashira Geiko-hen  (Hashira Training Arc)', 2, 2024, 0, 'https://cdn.myanimelist.net/images/anime/1136/141893.jpg', 'Genre: Action, Fantasy, Shounen', 'Bilibili', 0, 0, 1, '2024-04-03 04:57:44', '2024-05-05 20:21:38', 0, '00:00'),
	(216, 'Tensei shitara Slime Datta Ken 3rd Season (Tensura S3)', 2, 2024, 1, 'https://cdn.myanimelist.net/images/anime/1587/141789.jpg', 'Genre: Action, Adventure, Comedy, Fantasy, Isekai', 'Bilibili', 5, 24, 1, '2024-04-03 04:59:26', '2024-05-05 20:24:52', 5, '22:00'),
	(217, 'Mushoku Tensei II: Isekai Ittara Honki Dasu Part 2 (S2 Part 2)', 2, 2024, 1, 'https://cdn.myanimelist.net/images/anime/1876/141251.jpg', 'Genre: Adventure, Drama, Fantasy, Ecchi, Isekai', 'Bilibili', 4, 12, 1, '2024-04-03 05:01:15', '2024-05-05 20:24:54', 7, '22:00'),
	(218, 'Maou Gakuin no Futekigousha: Shijou Saikyou no Maou no Shiso, Tensei shite Shison-tachi no Gakkou e Kayou II Part 2 (S2 Part 2)', 2, 2024, 0, 'https://cdn.myanimelist.net/images/anime/1399/141651.jpg', 'Genre: Action, Fantasy, School', 'Bilibili', 0, 12, 1, '2024-04-03 05:02:21', '2024-05-05 20:21:26', 5, '23:30'),
	(219, 'Kaijuu 8-gou (Kaiju No. 8)', 2, 2024, 0, 'https://cdn.myanimelist.net/images/anime/1370/140362.jpg', 'Genre: Action, Sci-Fi, Military', 'Bilibili', 0, 12, 1, '2024-04-03 05:03:15', '2024-05-05 20:21:15', 6, '22:00'),
	(220, 'Date A Live V', 2, 2024, 1, 'https://cdn.myanimelist.net/images/anime/1659/141438.jpg', 'Genre: Action, Fantasy, Romance, Sci-Fi, Harem, School', 'Bilibili', 4, 12, 1, '2024-04-03 05:04:15', '2024-05-05 20:22:44', 3, '22:30'),
	(221, 'Mahouka Koukou no Rettousei 3rd Season (The Irregular at Magic High School Season 3)', 2, 2024, 1, 'https://cdn.myanimelist.net/images/anime/1100/142255.jpg', 'Genre: Action, Fantasy, Romance, Sci-Fi, School', 'Bilibili', 4, 13, 1, '2024-04-03 05:05:28', '2024-05-05 20:24:56', 5, '23:00'),
	(222, 'Maou no Ore ga Dorei Elf wo Yome ni Shitanda ga, Dou Medereba Ii? (An Archdemon\'s Dilemma: How to Love Your Elf Bride)', 2, 2024, 1, 'https://cdn.myanimelist.net/images/anime/1346/141203.jpg', 'Genre: Action, Fantasy, Romance', 'Bilibili', 6, 12, 1, '2024-04-03 05:07:39', '2024-05-05 20:24:57', 4, '23:30'),
	(223, 'Tensei shitara Dainana Ouji Datta node, Kimama ni Majutsu wo Kiwamemasu (I Was Reincarnated as the 7th Prince so I Can Take My Time Perfecting My Magical Ability)', 2, 2024, 1, 'https://cdn.myanimelist.net/images/anime/1580/141243.jpg', 'Genre: Adventure, Fantasy', 'Bilibili', 5, 0, 1, '2024-04-03 05:09:04', '2024-05-05 20:25:01', 1, '23:30'),
	(224, 'Henjin no Salad Bowl', 2, 2024, 1, 'https://cdn.myanimelist.net/images/anime/1861/141482.jpg', 'Genre: Comedy, Fantasy', 'Bilibili', 5, 12, 1, '2024-04-03 05:11:53', '2024-05-05 20:24:02', 4, '23:58'),
	(225, 'Tensei Kizoku, Kantei Skill de Nariagaru (As a Reincarnated Aristocrat, I\'ll Use My Appraisal Skill to Rise in the World)', 2, 2024, 1, 'https://cdn.myanimelist.net/images/anime/1763/139538.jpg', 'Genre: Adventure, Fantasy, Isekai', 'Bilibili', 4, 12, 1, '2024-04-03 05:13:07', '2024-05-05 20:25:05', 7, '22:00'),
	(226, 'Blue Archive the Animation', 2, 2024, 1, 'https://cdn.myanimelist.net/images/anime/1739/140995.jpg', 'Genre: Action, Fantasy, School', 'Ani-One (Youtube)', 3, 0, 1, '2024-04-03 05:26:46', '2024-05-05 20:22:30', 7, '22:30'),
	(227, 'Yuru Camp Season 3', 2, 2024, 0, 'https://cdn.myanimelist.net/images/anime/1977/142049.jpg', 'Genre: Slice of Life', 'Ani-One (Youtube)', 0, 12, 1, '2024-04-03 05:30:10', '2024-05-05 20:21:57', 4, '21:30'),
	(228, 'Jiisan Baasan Wakagaeru (Grandpa and Grandma Turn Young Again)', 2, 2024, 1, 'https://cdn.myanimelist.net/images/anime/1676/141714.jpg', 'Genre: Comedy, Romance, Supernatural', 'Bilibili', 4, 11, 1, '2024-04-03 05:50:18', '2024-05-05 20:25:06', 7, '21:30'),
	(229, 'Yozakura-san Chi no Daisakusen (Mission: Yozakura Family)', 2, 2024, 1, 'https://cdn.myanimelist.net/images/anime/1346/141783.jpg', 'Genre: Action, Comedy, Shounen', 'Lainnya', 0, 27, 1, '2024-04-09 13:41:07', '2024-05-05 20:25:09', 0, '00:00'),
	(230, 'Sentai Daishikkaku (Go! Go! Loser Ranger!)', 2, 2024, 0, 'https://cdn.myanimelist.net/images/anime/1183/141489.jpg', 'Genre: Action, Sci-Fi, Shounen', 'Lainnya', 0, 12, 1, '2024-05-05 20:19:20', '2024-05-05 20:19:48', 0, '00:00');

-- Dumping structure for table mawl.tbldata
DROP TABLE IF EXISTS `tbldata`;
CREATE TABLE IF NOT EXISTS `tbldata` (
  `id` int NOT NULL AUTO_INCREMENT,
  `nama` varchar(100) NOT NULL,
  `alamat` text NOT NULL,
  `telp` varchar(15) NOT NULL,
  `gambar` varchar(100) NOT NULL,
  PRIMARY KEY (`id`)
) ENGINE=InnoDB DEFAULT CHARSET=latin1;

-- Dumping data for table mawl.tbldata: ~12 rows (approximately)
INSERT INTO `tbldata` (`id`, `nama`, `alamat`, `telp`, `gambar`) VALUES
	(2, 'Kuroyukihime', 'Tokyo', '089178265734', '260.jpg'),
	(3, 'Rem', 'Hiroshima', '0877766667799', 'images.jpg'),
	(5, 'Minami Kotori', 'Tokyo', '087635467281', '_249_minami_kotori__love_live__card__ur___render_by_azizkeybackspace-d76j7xm.png'),
	(6, 'Kousaka Honoka', 'Tokyo', '089178265734', '_render_83__love_live_honoka_by_loveliverenders-d8yacse.png'),
	(7, 'Lelouch', 'Nagoya', '087635467281', '236056703_orig.jpg'),
	(8, 'Tetsuya Kuroku', 'Seirin', '087635467281', 'Kuroko_no_Basket_full_16269081.jpg'),
	(9, 'Aomine Daiki', 'Touou Gakuen', '085735110999', 'Aomine_Daiki_full_1287966.jpg'),
	(10, 'Akashi Seijuro', 'Rakuzan', '087635467281', 'Akashi_Seijuurou_full_13729841.jpg'),
	(11, 'Hatake Kakashi', 'Konoha', '085230401126', 'kakashi.jpeg'),
	(13, 'Himawari Uzumaki', 'Konoha', '0892132923799', 'Himawari_Uzumaki1.jpg'),
	(14, 'motor', 'indonesia', '087384758968', 'DSC_0000445.jpg'),
	(15, 'chocola', 'nekopara', '666986898860', 'chocola.jpg');

-- Dumping structure for table mawl.tbluser
DROP TABLE IF EXISTS `tbluser`;
CREATE TABLE IF NOT EXISTS `tbluser` (
  `id` int NOT NULL AUTO_INCREMENT,
  `username` varchar(100) NOT NULL,
  `password` varchar(100) NOT NULL,
  `status` int NOT NULL,
  PRIMARY KEY (`id`),
  UNIQUE KEY `username` (`username`)
) ENGINE=InnoDB DEFAULT CHARSET=latin1;

-- Dumping data for table mawl.tbluser: ~2 rows (approximately)
INSERT INTO `tbluser` (`id`, `username`, `password`, `status`) VALUES
	(1, 'yola', '21232f297a57a5a743894a0e4a801fc3', 1),
	(2, 'admin', '21232f297a57a5a743894a0e4a801fc3', 1);

/*!40103 SET TIME_ZONE=IFNULL(@OLD_TIME_ZONE, 'system') */;
/*!40101 SET SQL_MODE=IFNULL(@OLD_SQL_MODE, '') */;
/*!40014 SET FOREIGN_KEY_CHECKS=IFNULL(@OLD_FOREIGN_KEY_CHECKS, 1) */;
/*!40101 SET CHARACTER_SET_CLIENT=@OLD_CHARACTER_SET_CLIENT */;
/*!40111 SET SQL_NOTES=IFNULL(@OLD_SQL_NOTES, 1) */;
